,id,breed,breedStr,price,color,location,age,zip,height,temp,warmblood,sold,soldhere,forsale,forlease,registered,skills,desc,gender
930854,,,,,,,,,,,,,,,,,,,
1559046,,,,,,,,,,,,,,,,,,,
1683704,,,,,,,,,,,,,,,,,,,
1738805,,,,,,,,,,,,,,,,,,,
1791928,,,,,,,,,,,,,,,,,,,
1795861,,,,,,,,,,,,,,,,,,,
1842667,,,,,,,,,,,,,,,,,,,
1849884,,,,,,,,,,,,,,,,,,,
1854855,,,,,,,,,,,,,,,,,,,
1856970,,,,,,,,,,,,,,,,,,,
1880099,,,,,,,,,,,,,,,,,,,
1888896,,,,,,,,,,,,,,,,,,,
1900423,,,,,,,,,,,,,,,,,,,
1900612,,,,,,,,,,,,,,,,,,,
1906574,,,,,,,,,,,,,,,,,,,
1907613,,,,,,,,,,,,,,,,,,,
1911531,,,,,,,,,,,,,,,,,,,
1915031,,,,,,,,,,,,,,,,,,,
1916965,,,,,,,,,,,,,,,,,,,
1916967,,,,,,,,,,,,,,,,,,,
1927049,,,,,,,,,,,,,,,,,,,
1927782,,,,,,,,,,,,,,,,,,,
1928862,,,,,,,,,,,,,,,,,,,
1928957,,,,,,,,,,,,,,,,,,,
1930982,,,,,,,,,,,,,,,,,,,
1931641,,,,,,,,,,,,,,,,,,,
1934913,,,,,,,,,,,,,,,,,,,
1935162,,,,,,,,,,,,,,,,,,,
1936205,,,,,,,,,,,,,,,,,,,
1936543,,,,,,,,,,,,,,,,,,,
1936937,,,,,,,,,,,,,,,,,,,
1937220,,,,,,,,,,,,,,,,,,,
1937386,,,,,,,,,,,,,,,,,,,
1938289,,,,,,,,,,,,,,,,,,,
1938402,,,,,,,,,,,,,,,,,,,
1940476,,,,,,,,,,,,,,,,,,,
1941249,,,,,,,,,,,,,,,,,,,
1941598,,,,,,,,,,,,,,,,,,,
1944927,,,,,,,,,,,,,,,,,,,
1945010,,,,,,,,,,,,,,,,,,,
1947412,,,,,,,,,,,,,,,,,,,
1947844,,,,,,,,,,,,,,,,,,,
1948378,,,,,,,,,,,,,,,,,,,
1949757,,,,,,,,,,,,,,,,,,,
1949875,,,,,,,,,,,,,,,,,,,
1951238,,,,,,,,,,,,,,,,,,,
1951956,,,,,,,,,,,,,,,,,,,
1954187,,,,,,,,,,,,,,,,,,,
1954810,,,,,,,,,,,,,,,,,,,
1955148,,,,,,,,,,,,,,,,,,,
1955160,,,,,,,,,,,,,,,,,,,
1955201,,,,,,,,,,,,,,,,,,,
1955364,,,,,,,,,,,,,,,,,,,
1955410,,,,,,,,,,,,,,,,,,,
1955824,,,,,,,,,,,,,,,,,,,
1956194,,,,,,,,,,,,,,,,,,,
1956807,,,,,,,,,,,,,,,,,,,
1956870,,,,,,,,,,,,,,,,,,,
1957284,,,,,,,,,,,,,,,,,,,
1957516,,,,,,,,,,,,,,,,,,,
1957532,,,,,,,,,,,,,,,,,,,
1957959,,,,,,,,,,,,,,,,,,,
1958200,,,,,,,,,,,,,,,,,,,
1959049,,,,,,,,,,,,,,,,,,,
1959816,,,,,,,,,,,,,,,,,,,
1960160,,,,,,,,,,,,,,,,,,,
1960270,,,,,,,,,,,,,,,,,,,
1960848,,,,,,,,,,,,,,,,,,,
1961009,,,,,,,,,,,,,,,,,,,
1961272,,,,,,,,,,,,,,,,,,,
1961532,,,,,,,,,,,,,,,,,,,
1962844,,,,,,,,,,,,,,,,,,,
1963108,,,,,,,,,,,,,,,,,,,
1963301,,,,,,,,,,,,,,,,,,,
1963533,,,,,,,,,,,,,,,,,,,
1963892,,,,,,,,,,,,,,,,,,,
1964050,,,,,,,,,,,,,,,,,,,
1965221,,,,,,,,,,,,,,,,,,,
1965405,,,,,,,,,,,,,,,,,,,
1966171,,,,,,,,,,,,,,,,,,,
1966710,,,,,,,,,,,,,,,,,,,
1967988,,,,,,,,,,,,,,,,,,,
1968800,,,,,,,,,,,,,,,,,,,
1968851,,,,,,,,,,,,,,,,,,,
1969146,,,,,,,,,,,,,,,,,,,
1969207,,,,,,,,,,,,,,,,,,,
1969259,,,,,,,,,,,,,,,,,,,
1969397,,,,,,,,,,,,,,,,,,,
1969446,,,,,,,,,,,,,,,,,,,
1969575,,,,,,,,,,,,,,,,,,,
1969772,,,,,,,,,,,,,,,,,,,
1969775,,,,,,,,,,,,,,,,,,,
1969890,,,,,,,,,,,,,,,,,,,
1970098,,,,,,,,,,,,,,,,,,,
1970190,,,,,,,,,,,,,,,,,,,
1970254,,,,,,,,,,,,,,,,,,,
1970257,,,,,,,,,,,,,,,,,,,
1970992,,,,,,,,,,,,,,,,,,,
1971061,,,,,,,,,,,,,,,,,,,
1972012,,,,,,,,,,,,,,,,,,,
1972423,,,,,,,,,,,,,,,,,,,
1972431,,,,,,,,,,,,,,,,,,,
1972646,,,,,,,,,,,,,,,,,,,
1972821,,,,,,,,,,,,,,,,,,,
1973205,,,,,,,,,,,,,,,,,,,
1973305,,,,,,,,,,,,,,,,,,,
1973649,,,,,,,,,,,,,,,,,,,
1973818,,,,,,,,,,,,,,,,,,,
1973951,,,,,,,,,,,,,,,,,,,
1975018,,,,,,,,,,,,,,,,,,,
1975079,,,,,,,,,,,,,,,,,,,
1975284,,,,,,,,,,,,,,,,,,,
1975374,,,,,,,,,,,,,,,,,,,
1975508,,,,,,,,,,,,,,,,,,,
1975740,,,,,,,,,,,,,,,,,,,
1975904,,,,,,,,,,,,,,,,,,,
1975924,,,,,,,,,,,,,,,,,,,
1976004,,,,,,,,,,,,,,,,,,,
1976039,,,,,,,,,,,,,,,,,,,
1976235,,,,,,,,,,,,,,,,,,,
1976254,,,,,,,,,,,,,,,,,,,
1976275,,,,,,,,,,,,,,,,,,,
1976478,,,,,,,,,,,,,,,,,,,
1976489,,,,,,,,,,,,,,,,,,,
1976496,,,,,,,,,,,,,,,,,,,
1976580,,,,,,,,,,,,,,,,,,,
1976581,,,,,,,,,,,,,,,,,,,
1976701,,,,,,,,,,,,,,,,,,,
1976721,,,,,,,,,,,,,,,,,,,
1977195,,,,,,,,,,,,,,,,,,,
1977341,,,,,,,,,,,,,,,,,,,
1977380,,,,,,,,,,,,,,,,,,,
1977601,,,,,,,,,,,,,,,,,,,
1977671,,,,,,,,,,,,,,,,,,,
1977673,,,,,,,,,,,,,,,,,,,
1977676,,,,,,,,,,,,,,,,,,,
1978033,,,,,,,,,,,,,,,,,,,
1978116,,,,,,,,,,,,,,,,,,,
1978172,,,,,,,,,,,,,,,,,,,
1978239,,,,,,,,,,,,,,,,,,,
1978451,,,,,,,,,,,,,,,,,,,
1978525,,,,,,,,,,,,,,,,,,,
1978610,,,,,,,,,,,,,,,,,,,
1978969,,,,,,,,,,,,,,,,,,,
1979098,,,,,,,,,,,,,,,,,,,
1979099,,,,,,,,,,,,,,,,,,,
1979103,,,,,,,,,,,,,,,,,,,
1979113,,,,,,,,,,,,,,,,,,,
1979310,,,,,,,,,,,,,,,,,,,
1979325,,,,,,,,,,,,,,,,,,,
1979473,,,,,,,,,,,,,,,,,,,
1979532,,,,,,,,,,,,,,,,,,,
1979554,,,,,,,,,,,,,,,,,,,
1979720,,,,,,,,,,,,,,,,,,,
1979819,,,,,,,,,,,,,,,,,,,
1979880,,,,,,,,,,,,,,,,,,,
1980201,,,,,,,,,,,,,,,,,,,
1980246,,,,,,,,,,,,,,,,,,,
1980500,,,,,,,,,,,,,,,,,,,
1980616,,,,,,,,,,,,,,,,,,,
1980621,,,,,,,,,,,,,,,,,,,
1980695,,,,,,,,,,,,,,,,,,,
1980788,,,,,,,,,,,,,,,,,,,
1980793,,,,,,,,,,,,,,,,,,,
1980920,,,,,,,,,,,,,,,,,,,
1980982,,,,,,,,,,,,,,,,,,,
1981018,,,,,,,,,,,,,,,,,,,
1981060,,,,,,,,,,,,,,,,,,,
1981096,,,,,,,,,,,,,,,,,,,
1981197,,,,,,,,,,,,,,,,,,,
1981254,,,,,,,,,,,,,,,,,,,
1981304,,,,,,,,,,,,,,,,,,,
1981347,,,,,,,,,,,,,,,,,,,
1981381,,,,,,,,,,,,,,,,,,,
1981415,,,,,,,,,,,,,,,,,,,
1981463,,,,,,,,,,,,,,,,,,,
1981607,,,,,,,,,,,,,,,,,,,
1981752,,,,,,,,,,,,,,,,,,,
1981789,,,,,,,,,,,,,,,,,,,
1981793,,,,,,,,,,,,,,,,,,,
1982021,,,,,,,,,,,,,,,,,,,
1982119,,,,,,,,,,,,,,,,,,,
1982161,,,,,,,,,,,,,,,,,,,
1982163,,,,,,,,,,,,,,,,,,,
1982254,,,,,,,,,,,,,,,,,,,
1982374,,,,,,,,,,,,,,,,,,,
1982377,,,,,,,,,,,,,,,,,,,
1982587,,,,,,,,,,,,,,,,,,,
1982620,,,,,,,,,,,,,,,,,,,
1982646,,,,,,,,,,,,,,,,,,,
1982713,,,,,,,,,,,,,,,,,,,
1982879,,,,,,,,,,,,,,,,,,,
1982907,,,,,,,,,,,,,,,,,,,
1982932,,,,,,,,,,,,,,,,,,,
1982942,,,,,,,,,,,,,,,,,,,
1982966,,,,,,,,,,,,,,,,,,,
1982969,,,,,,,,,,,,,,,,,,,
1983012,,,,,,,,,,,,,,,,,,,
1983108,,,,,,,,,,,,,,,,,,,
1983114,,,,,,,,,,,,,,,,,,,
1983142,,,,,,,,,,,,,,,,,,,
1983227,,,,,,,,,,,,,,,,,,,
1983312,,,,,,,,,,,,,,,,,,,
1983389,,,,,,,,,,,,,,,,,,,
1983418,,,,,,,,,,,,,,,,,,,
1983526,,,,,,,,,,,,,,,,,,,
1983697,,,,,,,,,,,,,,,,,,,
1983730,,,,,,,,,,,,,,,,,,,
1983773,,,,,,,,,,,,,,,,,,,
1983854,,,,,,,,,,,,,,,,,,,
1983883,,,,,,,,,,,,,,,,,,,
1983900,,,,,,,,,,,,,,,,,,,
1983916,,,,,,,,,,,,,,,,,,,
1984073,,,,,,,,,,,,,,,,,,,
1984076,,,,,,,,,,,,,,,,,,,
1984145,,,,,,,,,,,,,,,,,,,
1984157,,,,,,,,,,,,,,,,,,,
1984265,,,,,,,,,,,,,,,,,,,
1984552,,,,,,,,,,,,,,,,,,,
1984570,,,,,,,,,,,,,,,,,,,
1984697,,,,,,,,,,,,,,,,,,,
1984735,,,,,,,,,,,,,,,,,,,
1984760,,,,,,,,,,,,,,,,,,,
1984847,,,,,,,,,,,,,,,,,,,
1984896,,,,,,,,,,,,,,,,,,,
1984971,,,,,,,,,,,,,,,,,,,
1984990,,,,,,,,,,,,,,,,,,,
1985037,,,,,,,,,,,,,,,,,,,
1985060,,,,,,,,,,,,,,,,,,,
1985249,,,,,,,,,,,,,,,,,,,
1985261,,,,,,,,,,,,,,,,,,,
1985280,,,,,,,,,,,,,,,,,,,
1985353,,,,,,,,,,,,,,,,,,,
1985530,,,,,,,,,,,,,,,,,,,
1985583,,,,,,,,,,,,,,,,,,,
1985597,,,,,,,,,,,,,,,,,,,
1985668,,,,,,,,,,,,,,,,,,,
1985734,,,,,,,,,,,,,,,,,,,
1985855,,,,,,,,,,,,,,,,,,,
1985863,,,,,,,,,,,,,,,,,,,
1985932,,,,,,,,,,,,,,,,,,,
1985936,,,,,,,,,,,,,,,,,,,
1985982,,,,,,,,,,,,,,,,,,,
1986087,,,,,,,,,,,,,,,,,,,
1986096,,,,,,,,,,,,,,,,,,,
1986099,,,,,,,,,,,,,,,,,,,
1986113,,,,,,,,,,,,,,,,,,,
1986141,,,,,,,,,,,,,,,,,,,
1986351,,,,,,,,,,,,,,,,,,,
1986364,,,,,,,,,,,,,,,,,,,
1986407,,,,,,,,,,,,,,,,,,,
1986509,,,,,,,,,,,,,,,,,,,
1986529,,,,,,,,,,,,,,,,,,,
1986696,,,,,,,,,,,,,,,,,,,
1986771,,,,,,,,,,,,,,,,,,,
1986772,,,,,,,,,,,,,,,,,,,
1986824,,,,,,,,,,,,,,,,,,,
1986879,,,,,,,,,,,,,,,,,,,
1987019,,,,,,,,,,,,,,,,,,,
1987053,,,,,,,,,,,,,,,,,,,
1987058,,,,,,,,,,,,,,,,,,,
1987104,,,,,,,,,,,,,,,,,,,
1987150,,,,,,,,,,,,,,,,,,,
1987232,,,,,,,,,,,,,,,,,,,
1987337,,,,,,,,,,,,,,,,,,,
1987382,,,,,,,,,,,,,,,,,,,
1987383,,,,,,,,,,,,,,,,,,,
1987400,,,,,,,,,,,,,,,,,,,
1987436,,,,,,,,,,,,,,,,,,,
1987531,,,,,,,,,,,,,,,,,,,
1987557,,,,,,,,,,,,,,,,,,,
1987568,,,,,,,,,,,,,,,,,,,
1987637,,,,,,,,,,,,,,,,,,,
1987678,,,,,,,,,,,,,,,,,,,
1987752,,,,,,,,,,,,,,,,,,,
1987865,,,,,,,,,,,,,,,,,,,
1987931,,,,,,,,,,,,,,,,,,,
1987974,,,,,,,,,,,,,,,,,,,
1987998,,,,,,,,,,,,,,,,,,,
1988143,,,,,,,,,,,,,,,,,,,
1988171,,,,,,,,,,,,,,,,,,,
1988232,,,,,,,,,,,,,,,,,,,
1988235,,,,,,,,,,,,,,,,,,,
1988258,,,,,,,,,,,,,,,,,,,
1988342,,,,,,,,,,,,,,,,,,,
1988358,,,,,,,,,,,,,,,,,,,
1988420,,,,,,,,,,,,,,,,,,,
1988479,,,,,,,,,,,,,,,,,,,
1988602,,,,,,,,,,,,,,,,,,,
1988628,,,,,,,,,,,,,,,,,,,
1988752,,,,,,,,,,,,,,,,,,,
1988767,,,,,,,,,,,,,,,,,,,
1988842,,,,,,,,,,,,,,,,,,,
1988930,,,,,,,,,,,,,,,,,,,
1988973,,,,,,,,,,,,,,,,,,,
1989058,,,,,,,,,,,,,,,,,,,
1989070,,,,,,,,,,,,,,,,,,,
1989083,,,,,,,,,,,,,,,,,,,
1989087,,,,,,,,,,,,,,,,,,,
1989177,,,,,,,,,,,,,,,,,,,
1989182,,,,,,,,,,,,,,,,,,,
1989220,,,,,,,,,,,,,,,,,,,
1989239,,,,,,,,,,,,,,,,,,,
1989254,,,,,,,,,,,,,,,,,,,
1989322,,,,,,,,,,,,,,,,,,,
1989335,,,,,,,,,,,,,,,,,,,
1989358,,,,,,,,,,,,,,,,,,,
1989380,,,,,,,,,,,,,,,,,,,
1989443,,,,,,,,,,,,,,,,,,,
1989494,,,,,,,,,,,,,,,,,,,
1989510,,,,,,,,,,,,,,,,,,,
1989532,,,,,,,,,,,,,,,,,,,
1989540,,,,,,,,,,,,,,,,,,,
1989632,,,,,,,,,,,,,,,,,,,
1989662,,,,,,,,,,,,,,,,,,,
1989674,,,,,,,,,,,,,,,,,,,
1989678,,,,,,,,,,,,,,,,,,,
1989760,,,,,,,,,,,,,,,,,,,
1989791,,,,,,,,,,,,,,,,,,,
1989794,,,,,,,,,,,,,,,,,,,
1989903,,,,,,,,,,,,,,,,,,,
1989913,,,,,,,,,,,,,,,,,,,
1989972,,,,,,,,,,,,,,,,,,,
1989978,,,,,,,,,,,,,,,,,,,
1990048,,,,,,,,,,,,,,,,,,,
1990085,,,,,,,,,,,,,,,,,,,
1990122,,,,,,,,,,,,,,,,,,,
1990125,,,,,,,,,,,,,,,,,,,
1990127,,,,,,,,,,,,,,,,,,,
1990178,,,,,,,,,,,,,,,,,,,
1990203,,,,,,,,,,,,,,,,,,,
1990248,,,,,,,,,,,,,,,,,,,
1990294,,,,,,,,,,,,,,,,,,,
1990320,,,,,,,,,,,,,,,,,,,
1990386,,,,,,,,,,,,,,,,,,,
1990400,,,,,,,,,,,,,,,,,,,
1990499,,,,,,,,,,,,,,,,,,,
1990525,,,,,,,,,,,,,,,,,,,
1990600,,,,,,,,,,,,,,,,,,,
1990612,,,,,,,,,,,,,,,,,,,
1990789,,,,,,,,,,,,,,,,,,,
1991091,,,,,,,,,,,,,,,,,,,
1991246,,,,,,,,,,,,,,,,,,,
1991313,,,,,,,,,,,,,,,,,,,
1991323,,,,,,,,,,,,,,,,,,,
1991325,,,,,,,,,,,,,,,,,,,
1991363,,,,,,,,,,,,,,,,,,,
1991480,,,,,,,,,,,,,,,,,,,
1991502,,,,,,,,,,,,,,,,,,,
1991514,,,,,,,,,,,,,,,,,,,
1991553,,,,,,,,,,,,,,,,,,,
1991579,,,,,,,,,,,,,,,,,,,
1991644,,,,,,,,,,,,,,,,,,,
1991861,,,,,,,,,,,,,,,,,,,
1991878,,,,,,,,,,,,,,,,,,,
1991880,,,,,,,,,,,,,,,,,,,
1991900,,,,,,,,,,,,,,,,,,,
1991909,,,,,,,,,,,,,,,,,,,
1991949,,,,,,,,,,,,,,,,,,,
1991988,,,,,,,,,,,,,,,,,,,
1992187,,,,,,,,,,,,,,,,,,,
1992265,,,,,,,,,,,,,,,,,,,
1992448,,,,,,,,,,,,,,,,,,,
1992480,,,,,,,,,,,,,,,,,,,
1992499,,,,,,,,,,,,,,,,,,,
1992503,,,,,,,,,,,,,,,,,,,
1992534,,,,,,,,,,,,,,,,,,,
1992573,,,,,,,,,,,,,,,,,,,
1992591,,,,,,,,,,,,,,,,,,,
1992602,,,,,,,,,,,,,,,,,,,
1992612,,,,,,,,,,,,,,,,,,,
1992731,,,,,,,,,,,,,,,,,,,
1992754,,,,,,,,,,,,,,,,,,,
1992781,,,,,,,,,,,,,,,,,,,
1992896,,,,,,,,,,,,,,,,,,,
1992963,,,,,,,,,,,,,,,,,,,
1992972,,,,,,,,,,,,,,,,,,,
1993059,,,,,,,,,,,,,,,,,,,
1993060,,,,,,,,,,,,,,,,,,,
1993125,,,,,,,,,,,,,,,,,,,
1993148,,,,,,,,,,,,,,,,,,,
1993171,,,,,,,,,,,,,,,,,,,
1993194,,,,,,,,,,,,,,,,,,,
1993231,,,,,,,,,,,,,,,,,,,
1993250,,,,,,,,,,,,,,,,,,,
1993255,,,,,,,,,,,,,,,,,,,
1993435,,,,,,,,,,,,,,,,,,,
1993446,,,,,,,,,,,,,,,,,,,
1993468,,,,,,,,,,,,,,,,,,,
1993514,,,,,,,,,,,,,,,,,,,
1993520,,,,,,,,,,,,,,,,,,,
1993563,,,,,,,,,,,,,,,,,,,
1993883,,,,,,,,,,,,,,,,,,,
1993939,,,,,,,,,,,,,,,,,,,
1994003,,,,,,,,,,,,,,,,,,,
1994040,,,,,,,,,,,,,,,,,,,
1994093,,,,,,,,,,,,,,,,,,,
1994115,,,,,,,,,,,,,,,,,,,
1994287,,,,,,,,,,,,,,,,,,,
1994288,,,,,,,,,,,,,,,,,,,
1994340,,,,,,,,,,,,,,,,,,,
1994348,,,,,,,,,,,,,,,,,,,
1994350,,,,,,,,,,,,,,,,,,,
1994359,,,,,,,,,,,,,,,,,,,
1994415,,,,,,,,,,,,,,,,,,,
1994444,,,,,,,,,,,,,,,,,,,
1994455,,,,,,,,,,,,,,,,,,,
1994490,,,,,,,,,,,,,,,,,,,
1994525,,,,,,,,,,,,,,,,,,,
1994531,,,,,,,,,,,,,,,,,,,
1994532,,,,,,,,,,,,,,,,,,,
1994646,,,,,,,,,,,,,,,,,,,
1994657,,,,,,,,,,,,,,,,,,,
1994664,,,,,,,,,,,,,,,,,,,
1994674,,,,,,,,,,,,,,,,,,,
1994679,,,,,,,,,,,,,,,,,,,
1994682,,,,,,,,,,,,,,,,,,,
1994731,,,,,,,,,,,,,,,,,,,
1994745,,,,,,,,,,,,,,,,,,,
1994781,,,,,,,,,,,,,,,,,,,
1994824,,,,,,,,,,,,,,,,,,,
1994841,,,,,,,,,,,,,,,,,,,
1994917,,,,,,,,,,,,,,,,,,,
1994932,,,,,,,,,,,,,,,,,,,
1994975,,,,,,,,,,,,,,,,,,,
1994983,,,,,,,,,,,,,,,,,,,
1995039,,,,,,,,,,,,,,,,,,,
1995067,,,,,,,,,,,,,,,,,,,
1995085,,,,,,,,,,,,,,,,,,,
1995124,,,,,,,,,,,,,,,,,,,
1995127,,,,,,,,,,,,,,,,,,,
1995134,,,,,,,,,,,,,,,,,,,
1995136,,,,,,,,,,,,,,,,,,,
1995152,,,,,,,,,,,,,,,,,,,
1995197,,,,,,,,,,,,,,,,,,,
1995275,,,,,,,,,,,,,,,,,,,
1995295,,,,,,,,,,,,,,,,,,,
1995317,,,,,,,,,,,,,,,,,,,
1995323,,,,,,,,,,,,,,,,,,,
1995324,,,,,,,,,,,,,,,,,,,
1995325,,,,,,,,,,,,,,,,,,,
1995359,,,,,,,,,,,,,,,,,,,
1995385,,,,,,,,,,,,,,,,,,,
1995387,,,,,,,,,,,,,,,,,,,
1995465,,,,,,,,,,,,,,,,,,,
1995476,,,,,,,,,,,,,,,,,,,
1995489,,,,,,,,,,,,,,,,,,,
1995494,,,,,,,,,,,,,,,,,,,
1995504,,,,,,,,,,,,,,,,,,,
1995516,,,,,,,,,,,,,,,,,,,
1995532,,,,,,,,,,,,,,,,,,,
1995535,,,,,,,,,,,,,,,,,,,
1995560,,,,,,,,,,,,,,,,,,,
1995583,,,,,,,,,,,,,,,,,,,
1995601,,,,,,,,,,,,,,,,,,,
1995645,,,,,,,,,,,,,,,,,,,
1995666,,,,,,,,,,,,,,,,,,,
1995673,,,,,,,,,,,,,,,,,,,
1995674,,,,,,,,,,,,,,,,,,,
1995767,,,,,,,,,,,,,,,,,,,
1995817,,,,,,,,,,,,,,,,,,,
1995890,,,,,,,,,,,,,,,,,,,
1995893,,,,,,,,,,,,,,,,,,,
1995905,,,,,,,,,,,,,,,,,,,
1995955,,,,,,,,,,,,,,,,,,,
1995983,,,,,,,,,,,,,,,,,,,
1996007,,,,,,,,,,,,,,,,,,,
1996011,,,,,,,,,,,,,,,,,,,
1996022,,,,,,,,,,,,,,,,,,,
1996030,,,,,,,,,,,,,,,,,,,
1996086,,,,,,,,,,,,,,,,,,,
1996088,,,,,,,,,,,,,,,,,,,
1996095,,,,,,,,,,,,,,,,,,,
1996099,,,,,,,,,,,,,,,,,,,
1996104,,,,,,,,,,,,,,,,,,,
1996107,,,,,,,,,,,,,,,,,,,
1996132,,,,,,,,,,,,,,,,,,,
1996145,,,,,,,,,,,,,,,,,,,
1996147,,,,,,,,,,,,,,,,,,,
1996220,,,,,,,,,,,,,,,,,,,
1996250,,,,,,,,,,,,,,,,,,,
1996288,,,,,,,,,,,,,,,,,,,
1996333,,,,,,,,,,,,,,,,,,,
1996372,,,,,,,,,,,,,,,,,,,
1996442,,,,,,,,,,,,,,,,,,,
1996490,,,,,,,,,,,,,,,,,,,
1996491,,,,,,,,,,,,,,,,,,,
1996492,,,,,,,,,,,,,,,,,,,
1996522,,,,,,,,,,,,,,,,,,,
1996526,,,,,,,,,,,,,,,,,,,
1996538,,,,,,,,,,,,,,,,,,,
1996542,,,,,,,,,,,,,,,,,,,
1996551,,,,,,,,,,,,,,,,,,,
1996569,,,,,,,,,,,,,,,,,,,
1996589,,,,,,,,,,,,,,,,,,,
1996590,,,,,,,,,,,,,,,,,,,
1996598,,,,,,,,,,,,,,,,,,,
1996611,,,,,,,,,,,,,,,,,,,
1996615,,,,,,,,,,,,,,,,,,,
1996617,,,,,,,,,,,,,,,,,,,
1996642,,,,,,,,,,,,,,,,,,,
1996678,,,,,,,,,,,,,,,,,,,
1996711,,,,,,,,,,,,,,,,,,,
1996729,,,,,,,,,,,,,,,,,,,
1996774,,,,,,,,,,,,,,,,,,,
1996802,,,,,,,,,,,,,,,,,,,
1996806,,,,,,,,,,,,,,,,,,,
1996807,,,,,,,,,,,,,,,,,,,
1996874,,,,,,,,,,,,,,,,,,,
1996882,,,,,,,,,,,,,,,,,,,
1996917,,,,,,,,,,,,,,,,,,,
1996935,,,,,,,,,,,,,,,,,,,
1996941,,,,,,,,,,,,,,,,,,,
1996942,,,,,,,,,,,,,,,,,,,
1996995,,,,,,,,,,,,,,,,,,,
1997018,,,,,,,,,,,,,,,,,,,
1997020,,,,,,,,,,,,,,,,,,,
1997030,,,,,,,,,,,,,,,,,,,
1997065,,,,,,,,,,,,,,,,,,,
1997075,,,,,,,,,,,,,,,,,,,
1997085,,,,,,,,,,,,,,,,,,,
1997086,,,,,,,,,,,,,,,,,,,
1997134,,,,,,,,,,,,,,,,,,,
1997143,,,,,,,,,,,,,,,,,,,
1997150,,,,,,,,,,,,,,,,,,,
1997164,,,,,,,,,,,,,,,,,,,
1997203,,,,,,,,,,,,,,,,,,,
1997208,,,,,,,,,,,,,,,,,,,
1997227,,,,,,,,,,,,,,,,,,,
1997335,,,,,,,,,,,,,,,,,,,
1997337,,,,,,,,,,,,,,,,,,,
1997339,,,,,,,,,,,,,,,,,,,
1997392,,,,,,,,,,,,,,,,,,,
1997435,,,,,,,,,,,,,,,,,,,
1997436,,,,,,,,,,,,,,,,,,,
1997438,,,,,,,,,,,,,,,,,,,
1997479,,,,,,,,,,,,,,,,,,,
1997486,,,,,,,,,,,,,,,,,,,
1997504,,,,,,,,,,,,,,,,,,,
1997550,,,,,,,,,,,,,,,,,,,
1997556,,,,,,,,,,,,,,,,,,,
1997559,,,,,,,,,,,,,,,,,,,
1997564,,,,,,,,,,,,,,,,,,,
1997570,,,,,,,,,,,,,,,,,,,
1997572,,,,,,,,,,,,,,,,,,,
1997597,,,,,,,,,,,,,,,,,,,
1997621,,,,,,,,,,,,,,,,,,,
1997637,,,,,,,,,,,,,,,,,,,
1997705,,,,,,,,,,,,,,,,,,,
1997760,,,,,,,,,,,,,,,,,,,
1997807,,,,,,,,,,,,,,,,,,,
1997872,,,,,,,,,,,,,,,,,,,
1997938,,,,,,,,,,,,,,,,,,,
1997944,,,,,,,,,,,,,,,,,,,
1997955,,,,,,,,,,,,,,,,,,,
1997960,,,,,,,,,,,,,,,,,,,
1997975,,,,,,,,,,,,,,,,,,,
1997977,,,,,,,,,,,,,,,,,,,
1997984,,,,,,,,,,,,,,,,,,,
1998001,,,,,,,,,,,,,,,,,,,
1998034,,,,,,,,,,,,,,,,,,,
1998066,,,,,,,,,,,,,,,,,,,
1998068,,,,,,,,,,,,,,,,,,,
1998071,,,,,,,,,,,,,,,,,,,
1998082,,,,,,,,,,,,,,,,,,,
1998122,,,,,,,,,,,,,,,,,,,
1998143,,,,,,,,,,,,,,,,,,,
1998144,,,,,,,,,,,,,,,,,,,
1998192,,,,,,,,,,,,,,,,,,,
1998198,,,,,,,,,,,,,,,,,,,
1998248,,,,,,,,,,,,,,,,,,,
1998376,,,,,,,,,,,,,,,,,,,
1998405,,,,,,,,,,,,,,,,,,,
1998423,,,,,,,,,,,,,,,,,,,
1998452,,,,,,,,,,,,,,,,,,,
1998464,,,,,,,,,,,,,,,,,,,
1998478,,,,,,,,,,,,,,,,,,,
1998492,,,,,,,,,,,,,,,,,,,
1998493,,,,,,,,,,,,,,,,,,,
1998499,,,,,,,,,,,,,,,,,,,
1998508,,,,,,,,,,,,,,,,,,,
1998518,,,,,,,,,,,,,,,,,,,
1998543,,,,,,,,,,,,,,,,,,,
1998559,,,,,,,,,,,,,,,,,,,
1998591,,,,,,,,,,,,,,,,,,,
1998639,,,,,,,,,,,,,,,,,,,
1998675,,,,,,,,,,,,,,,,,,,
1998692,,,,,,,,,,,,,,,,,,,
1998701,,,,,,,,,,,,,,,,,,,
1998771,,,,,,,,,,,,,,,,,,,
1998830,,,,,,,,,,,,,,,,,,,
1998843,,,,,,,,,,,,,,,,,,,
1998898,,,,,,,,,,,,,,,,,,,
1998900,,,,,,,,,,,,,,,,,,,
1998957,,,,,,,,,,,,,,,,,,,
1998958,,,,,,,,,,,,,,,,,,,
1998963,,,,,,,,,,,,,,,,,,,
1998964,,,,,,,,,,,,,,,,,,,
1998970,,,,,,,,,,,,,,,,,,,
1998974,,,,,,,,,,,,,,,,,,,
1999022,,,,,,,,,,,,,,,,,,,
1999126,,,,,,,,,,,,,,,,,,,
1999133,,,,,,,,,,,,,,,,,,,
1999158,,,,,,,,,,,,,,,,,,,
1999162,,,,,,,,,,,,,,,,,,,
1999188,,,,,,,,,,,,,,,,,,,
1999193,,,,,,,,,,,,,,,,,,,
1999280,,,,,,,,,,,,,,,,,,,
1999292,,,,,,,,,,,,,,,,,,,
1999364,,,,,,,,,,,,,,,,,,,
1999385,,,,,,,,,,,,,,,,,,,
1999392,,,,,,,,,,,,,,,,,,,
1999413,,,,,,,,,,,,,,,,,,,
1999429,,,,,,,,,,,,,,,,,,,
1999439,,,,,,,,,,,,,,,,,,,
1999447,,,,,,,,,,,,,,,,,,,
1999451,,,,,,,,,,,,,,,,,,,
1999484,,,,,,,,,,,,,,,,,,,
1999487,,,,,,,,,,,,,,,,,,,
1999493,,,,,,,,,,,,,,,,,,,
1999512,,,,,,,,,,,,,,,,,,,
1999530,,,,,,,,,,,,,,,,,,,
1999680,,,,,,,,,,,,,,,,,,,
1999694,,,,,,,,,,,,,,,,,,,
1999695,,,,,,,,,,,,,,,,,,,
1999722,,,,,,,,,,,,,,,,,,,
1999738,,,,,,,,,,,,,,,,,,,
1999907,,,,,,,,,,,,,,,,,,,
1999962,,,,,,,,,,,,,,,,,,,
1999972,,,,,,,,,,,,,,,,,,,
1999975,,,,,,,,,,,,,,,,,,,
1999986,,,,,,,,,,,,,,,,,,,
2000043,,,,,,,,,,,,,,,,,,,
2000073,,,,,,,,,,,,,,,,,,,
2000115,,,,,,,,,,,,,,,,,,,
2000133,,,,,,,,,,,,,,,,,,,
2000192,,,,,,,,,,,,,,,,,,,
2000194,,,,,,,,,,,,,,,,,,,
2000200,,,,,,,,,,,,,,,,,,,
2000227,,,,,,,,,,,,,,,,,,,
2000258,,,,,,,,,,,,,,,,,,,
2000299,,,,,,,,,,,,,,,,,,,
2000320,,,,,,,,,,,,,,,,,,,
2000344,,,,,,,,,,,,,,,,,,,
2000492,,,,,,,,,,,,,,,,,,,
2000509,,,,,,,,,,,,,,,,,,,
2000510,,,,,,,,,,,,,,,,,,,
2000522,,,,,,,,,,,,,,,,,,,
2000532,,,,,,,,,,,,,,,,,,,
2000565,,,,,,,,,,,,,,,,,,,
2000568,,,,,,,,,,,,,,,,,,,
2000577,,,,,,,,,,,,,,,,,,,
2000581,,,,,,,,,,,,,,,,,,,
2000680,,,,,,,,,,,,,,,,,,,
2000690,,,,,,,,,,,,,,,,,,,
2000702,,,,,,,,,,,,,,,,,,,
2000713,,,,,,,,,,,,,,,,,,,
2000742,,,,,,,,,,,,,,,,,,,
2000774,,,,,,,,,,,,,,,,,,,
2000778,,,,,,,,,,,,,,,,,,,
2000784,,,,,,,,,,,,,,,,,,,
2000790,,,,,,,,,,,,,,,,,,,
2000853,,,,,,,,,,,,,,,,,,,
2000856,,,,,,,,,,,,,,,,,,,
2000864,,,,,,,,,,,,,,,,,,,
2000891,,,,,,,,,,,,,,,,,,,
2000914,,,,,,,,,,,,,,,,,,,
2000926,,,,,,,,,,,,,,,,,,,
2000931,,,,,,,,,,,,,,,,,,,
2000983,,,,,,,,,,,,,,,,,,,
2000998,,,,,,,,,,,,,,,,,,,
2001005,,,,,,,,,,,,,,,,,,,
2001027,,,,,,,,,,,,,,,,,,,
2001032,,,,,,,,,,,,,,,,,,,
2001036,,,,,,,,,,,,,,,,,,,
2001044,,,,,,,,,,,,,,,,,,,
2001071,,,,,,,,,,,,,,,,,,,
2001123,,,,,,,,,,,,,,,,,,,
2001124,,,,,,,,,,,,,,,,,,,
2001165,,,,,,,,,,,,,,,,,,,
2001172,,,,,,,,,,,,,,,,,,,
2001188,,,,,,,,,,,,,,,,,,,
2001203,,,,,,,,,,,,,,,,,,,
2001210,,,,,,,,,,,,,,,,,,,
2001217,,,,,,,,,,,,,,,,,,,
2001275,,,,,,,,,,,,,,,,,,,
2001282,,,,,,,,,,,,,,,,,,,
2001530,,,,,,,,,,,,,,,,,,,
2001550,,,,,,,,,,,,,,,,,,,
2001557,,,,,,,,,,,,,,,,,,,
2001603,,,,,,,,,,,,,,,,,,,
2001605,,,,,,,,,,,,,,,,,,,
2001626,,,,,,,,,,,,,,,,,,,
2001633,,,,,,,,,,,,,,,,,,,
2001662,,,,,,,,,,,,,,,,,,,
2001702,,,,,,,,,,,,,,,,,,,
2001716,,,,,,,,,,,,,,,,,,,
2001813,,,,,,,,,,,,,,,,,,,
2001824,,,,,,,,,,,,,,,,,,,
2001884,,,,,,,,,,,,,,,,,,,
2001931,,,,,,,,,,,,,,,,,,,
2001957,,,,,,,,,,,,,,,,,,,
2002000,,,,,,,,,,,,,,,,,,,
2002023,,,,,,,,,,,,,,,,,,,
2002053,,,,,,,,,,,,,,,,,,,
2002054,,,,,,,,,,,,,,,,,,,
2002063,,,,,,,,,,,,,,,,,,,
2002068,,,,,,,,,,,,,,,,,,,
2002083,,,,,,,,,,,,,,,,,,,
2002114,,,,,,,,,,,,,,,,,,,
2002118,,,,,,,,,,,,,,,,,,,
2002200,,,,,,,,,,,,,,,,,,,
2002219,,,,,,,,,,,,,,,,,,,
2002268,,,,,,,,,,,,,,,,,,,
2002274,,,,,,,,,,,,,,,,,,,
2002280,,,,,,,,,,,,,,,,,,,
2002302,,,,,,,,,,,,,,,,,,,
2002306,,,,,,,,,,,,,,,,,,,
2002340,,,,,,,,,,,,,,,,,,,
2002345,,,,,,,,,,,,,,,,,,,
2002360,,,,,,,,,,,,,,,,,,,
2002368,,,,,,,,,,,,,,,,,,,
2002379,,,,,,,,,,,,,,,,,,,
2002381,,,,,,,,,,,,,,,,,,,
2002388,,,,,,,,,,,,,,,,,,,
2002389,,,,,,,,,,,,,,,,,,,
2002455,,,,,,,,,,,,,,,,,,,
2002459,,,,,,,,,,,,,,,,,,,
2002466,,,,,,,,,,,,,,,,,,,
2002486,,,,,,,,,,,,,,,,,,,
2002522,,,,,,,,,,,,,,,,,,,
2002604,,,,,,,,,,,,,,,,,,,
2002615,,,,,,,,,,,,,,,,,,,
2002620,,,,,,,,,,,,,,,,,,,
2002662,,,,,,,,,,,,,,,,,,,
2002668,,,,,,,,,,,,,,,,,,,
2002677,,,,,,,,,,,,,,,,,,,
2002680,,,,,,,,,,,,,,,,,,,
2002714,,,,,,,,,,,,,,,,,,,
2002725,,,,,,,,,,,,,,,,,,,
2002734,,,,,,,,,,,,,,,,,,,
2002751,,,,,,,,,,,,,,,,,,,
2002765,,,,,,,,,,,,,,,,,,,
2002770,,,,,,,,,,,,,,,,,,,
2002845,,,,,,,,,,,,,,,,,,,
2002846,,,,,,,,,,,,,,,,,,,
2002890,,,,,,,,,,,,,,,,,,,
2002939,,,,,,,,,,,,,,,,,,,
2003084,,,,,,,,,,,,,,,,,,,
2003107,,,,,,,,,,,,,,,,,,,
2003163,,,,,,,,,,,,,,,,,,,
2003176,,,,,,,,,,,,,,,,,,,
2003196,,,,,,,,,,,,,,,,,,,
2003201,,,,,,,,,,,,,,,,,,,
2003302,,,,,,,,,,,,,,,,,,,
2003332,,,,,,,,,,,,,,,,,,,
2003355,,,,,,,,,,,,,,,,,,,
2003367,,,,,,,,,,,,,,,,,,,
2003377,,,,,,,,,,,,,,,,,,,
2003431,,,,,,,,,,,,,,,,,,,
2003445,,,,,,,,,,,,,,,,,,,
2003447,,,,,,,,,,,,,,,,,,,
2003497,,,,,,,,,,,,,,,,,,,
2003509,,,,,,,,,,,,,,,,,,,
2003513,,,,,,,,,,,,,,,,,,,
2003514,,,,,,,,,,,,,,,,,,,
2003541,,,,,,,,,,,,,,,,,,,
2003559,,,,,,,,,,,,,,,,,,,
2003571,,,,,,,,,,,,,,,,,,,
2003603,,,,,,,,,,,,,,,,,,,
2003616,,,,,,,,,,,,,,,,,,,
2003624,,,,,,,,,,,,,,,,,,,
2003645,,,,,,,,,,,,,,,,,,,
2003656,,,,,,,,,,,,,,,,,,,
2003698,,,,,,,,,,,,,,,,,,,
2003705,,,,,,,,,,,,,,,,,,,
2003782,,,,,,,,,,,,,,,,,,,
2003862,,,,,,,,,,,,,,,,,,,
2003863,,,,,,,,,,,,,,,,,,,
2003908,,,,,,,,,,,,,,,,,,,
2004028,,,,,,,,,,,,,,,,,,,
2004055,,,,,,,,,,,,,,,,,,,
2004082,,,,,,,,,,,,,,,,,,,
2004165,,,,,,,,,,,,,,,,,,,
2004166,,,,,,,,,,,,,,,,,,,
2004238,,,,,,,,,,,,,,,,,,,
2004240,,,,,,,,,,,,,,,,,,,
2004259,,,,,,,,,,,,,,,,,,,
2004262,,,,,,,,,,,,,,,,,,,
2004303,,,,,,,,,,,,,,,,,,,
2004364,,,,,,,,,,,,,,,,,,,
2004373,,,,,,,,,,,,,,,,,,,
2004379,,,,,,,,,,,,,,,,,,,
2004385,,,,,,,,,,,,,,,,,,,
2004386,,,,,,,,,,,,,,,,,,,
2004417,,,,,,,,,,,,,,,,,,,
2004430,,,,,,,,,,,,,,,,,,,
2004482,,,,,,,,,,,,,,,,,,,
2004493,,,,,,,,,,,,,,,,,,,
2004531,,,,,,,,,,,,,,,,,,,
2004580,,,,,,,,,,,,,,,,,,,
2004586,,,,,,,,,,,,,,,,,,,
2004594,,,,,,,,,,,,,,,,,,,
2004607,,,,,,,,,,,,,,,,,,,
2004617,,,,,,,,,,,,,,,,,,,
2004624,,,,,,,,,,,,,,,,,,,
2004701,,,,,,,,,,,,,,,,,,,
2004731,,,,,,,,,,,,,,,,,,,
2004775,,,,,,,,,,,,,,,,,,,
2004814,,,,,,,,,,,,,,,,,,,
2004831,,,,,,,,,,,,,,,,,,,
2004860,,,,,,,,,,,,,,,,,,,
2004877,,,,,,,,,,,,,,,,,,,
2004878,,,,,,,,,,,,,,,,,,,
2004891,,,,,,,,,,,,,,,,,,,
2004896,,,,,,,,,,,,,,,,,,,
2004907,,,,,,,,,,,,,,,,,,,
2004940,,,,,,,,,,,,,,,,,,,
2004960,,,,,,,,,,,,,,,,,,,
2004986,,,,,,,,,,,,,,,,,,,
2004995,,,,,,,,,,,,,,,,,,,
2005194,,,,,,,,,,,,,,,,,,,
2005209,,,,,,,,,,,,,,,,,,,
2005213,,,,,,,,,,,,,,,,,,,
2005224,,,,,,,,,,,,,,,,,,,
2005291,,,,,,,,,,,,,,,,,,,
2005304,,,,,,,,,,,,,,,,,,,
2005348,,,,,,,,,,,,,,,,,,,
2005351,,,,,,,,,,,,,,,,,,,
2005372,,,,,,,,,,,,,,,,,,,
2005387,,,,,,,,,,,,,,,,,,,
2005399,,,,,,,,,,,,,,,,,,,
2005423,,,,,,,,,,,,,,,,,,,
2005447,,,,,,,,,,,,,,,,,,,
2005456,,,,,,,,,,,,,,,,,,,
2005457,,,,,,,,,,,,,,,,,,,
2005458,,,,,,,,,,,,,,,,,,,
2005469,,,,,,,,,,,,,,,,,,,
2005479,,,,,,,,,,,,,,,,,,,
2005484,,,,,,,,,,,,,,,,,,,
2005498,,,,,,,,,,,,,,,,,,,
2005632,,,,,,,,,,,,,,,,,,,
2005634,,,,,,,,,,,,,,,,,,,
2005656,,,,,,,,,,,,,,,,,,,
2005672,,,,,,,,,,,,,,,,,,,
2005692,,,,,,,,,,,,,,,,,,,
2005712,,,,,,,,,,,,,,,,,,,
2005721,,,,,,,,,,,,,,,,,,,
2005733,,,,,,,,,,,,,,,,,,,
2005737,,,,,,,,,,,,,,,,,,,
2005753,,,,,,,,,,,,,,,,,,,
2005757,,,,,,,,,,,,,,,,,,,
2005777,,,,,,,,,,,,,,,,,,,
2005780,,,,,,,,,,,,,,,,,,,
2005781,,,,,,,,,,,,,,,,,,,
2005783,,,,,,,,,,,,,,,,,,,
2005788,,,,,,,,,,,,,,,,,,,
2005789,,,,,,,,,,,,,,,,,,,
2005836,,,,,,,,,,,,,,,,,,,
2005882,,,,,,,,,,,,,,,,,,,
2005914,,,,,,,,,,,,,,,,,,,
2005917,,,,,,,,,,,,,,,,,,,
2005932,,,,,,,,,,,,,,,,,,,
2005943,,,,,,,,,,,,,,,,,,,
2005998,,,,,,,,,,,,,,,,,,,
2006010,,,,,,,,,,,,,,,,,,,
2006035,,,,,,,,,,,,,,,,,,,
2006044,,,,,,,,,,,,,,,,,,,
2006080,,,,,,,,,,,,,,,,,,,
2006093,,,,,,,,,,,,,,,,,,,
2006105,,,,,,,,,,,,,,,,,,,
2006109,,,,,,,,,,,,,,,,,,,
2006164,,,,,,,,,,,,,,,,,,,
2006194,,,,,,,,,,,,,,,,,,,
2006200,,,,,,,,,,,,,,,,,,,
2006202,,,,,,,,,,,,,,,,,,,
2006233,,,,,,,,,,,,,,,,,,,
2006251,,,,,,,,,,,,,,,,,,,
2006298,,,,,,,,,,,,,,,,,,,
2006323,,,,,,,,,,,,,,,,,,,
2006362,,,,,,,,,,,,,,,,,,,
2006365,,,,,,,,,,,,,,,,,,,
2006374,,,,,,,,,,,,,,,,,,,
2006427,,,,,,,,,,,,,,,,,,,
2006442,,,,,,,,,,,,,,,,,,,
2006490,,,,,,,,,,,,,,,,,,,
2006515,,,,,,,,,,,,,,,,,,,
2006516,,,,,,,,,,,,,,,,,,,
2006612,,,,,,,,,,,,,,,,,,,
2006630,,,,,,,,,,,,,,,,,,,
2006637,,,,,,,,,,,,,,,,,,,
2006650,,,,,,,,,,,,,,,,,,,
2006651,,,,,,,,,,,,,,,,,,,
2006657,,,,,,,,,,,,,,,,,,,
2006669,,,,,,,,,,,,,,,,,,,
2006675,,,,,,,,,,,,,,,,,,,
2006681,,,,,,,,,,,,,,,,,,,
2006682,,,,,,,,,,,,,,,,,,,
2006711,,,,,,,,,,,,,,,,,,,
2006736,,,,,,,,,,,,,,,,,,,
2006796,,,,,,,,,,,,,,,,,,,
2006811,,,,,,,,,,,,,,,,,,,
2006815,,,,,,,,,,,,,,,,,,,
2006841,,,,,,,,,,,,,,,,,,,
2006846,,,,,,,,,,,,,,,,,,,
2006852,,,,,,,,,,,,,,,,,,,
2006854,,,,,,,,,,,,,,,,,,,
2006863,,,,,,,,,,,,,,,,,,,
2006916,,,,,,,,,,,,,,,,,,,
2006921,,,,,,,,,,,,,,,,,,,
2006944,,,,,,,,,,,,,,,,,,,
2006956,,,,,,,,,,,,,,,,,,,
2006969,,,,,,,,,,,,,,,,,,,
2006987,,,,,,,,,,,,,,,,,,,
2007015,,,,,,,,,,,,,,,,,,,
2007035,,,,,,,,,,,,,,,,,,,
2007043,,,,,,,,,,,,,,,,,,,
2007124,,,,,,,,,,,,,,,,,,,
2007150,,,,,,,,,,,,,,,,,,,
2007166,,,,,,,,,,,,,,,,,,,
2007188,,,,,,,,,,,,,,,,,,,
2007189,,,,,,,,,,,,,,,,,,,
2007194,,,,,,,,,,,,,,,,,,,
2007261,,,,,,,,,,,,,,,,,,,
2007318,,,,,,,,,,,,,,,,,,,
2007320,,,,,,,,,,,,,,,,,,,
2007322,,,,,,,,,,,,,,,,,,,
2007346,,,,,,,,,,,,,,,,,,,
2007364,,,,,,,,,,,,,,,,,,,
2007365,,,,,,,,,,,,,,,,,,,
2007370,,,,,,,,,,,,,,,,,,,
2007420,,,,,,,,,,,,,,,,,,,
2007463,,,,,,,,,,,,,,,,,,,
2007468,,,,,,,,,,,,,,,,,,,
2007526,,,,,,,,,,,,,,,,,,,
2007559,,,,,,,,,,,,,,,,,,,
2007592,,,,,,,,,,,,,,,,,,,
2007612,,,,,,,,,,,,,,,,,,,
2007625,,,,,,,,,,,,,,,,,,,
2007640,,,,,,,,,,,,,,,,,,,
2007659,,,,,,,,,,,,,,,,,,,
2007671,,,,,,,,,,,,,,,,,,,
2007691,,,,,,,,,,,,,,,,,,,
2007698,,,,,,,,,,,,,,,,,,,
2007716,,,,,,,,,,,,,,,,,,,
2007743,,,,,,,,,,,,,,,,,,,
2007746,,,,,,,,,,,,,,,,,,,
2007762,,,,,,,,,,,,,,,,,,,
2007814,,,,,,,,,,,,,,,,,,,
2007821,,,,,,,,,,,,,,,,,,,
2007848,,,,,,,,,,,,,,,,,,,
2007861,,,,,,,,,,,,,,,,,,,
2007875,,,,,,,,,,,,,,,,,,,
2007889,,,,,,,,,,,,,,,,,,,
2007925,,,,,,,,,,,,,,,,,,,
2007935,,,,,,,,,,,,,,,,,,,
2007996,,,,,,,,,,,,,,,,,,,
2008043,,,,,,,,,,,,,,,,,,,
2008085,,,,,,,,,,,,,,,,,,,
2008102,,,,,,,,,,,,,,,,,,,
2008120,,,,,,,,,,,,,,,,,,,
2008150,,,,,,,,,,,,,,,,,,,
2008179,,,,,,,,,,,,,,,,,,,
2008180,,,,,,,,,,,,,,,,,,,
2008185,,,,,,,,,,,,,,,,,,,
2008186,,,,,,,,,,,,,,,,,,,
2008208,,,,,,,,,,,,,,,,,,,
2008236,,,,,,,,,,,,,,,,,,,
2008267,,,,,,,,,,,,,,,,,,,
2008270,,,,,,,,,,,,,,,,,,,
2008308,,,,,,,,,,,,,,,,,,,
2008335,,,,,,,,,,,,,,,,,,,
2008339,,,,,,,,,,,,,,,,,,,
2008360,,,,,,,,,,,,,,,,,,,
2008402,,,,,,,,,,,,,,,,,,,
2008409,,,,,,,,,,,,,,,,,,,
2008412,,,,,,,,,,,,,,,,,,,
2008455,,,,,,,,,,,,,,,,,,,
2008461,,,,,,,,,,,,,,,,,,,
2008473,,,,,,,,,,,,,,,,,,,
2008486,,,,,,,,,,,,,,,,,,,
2008511,,,,,,,,,,,,,,,,,,,
2008559,,,,,,,,,,,,,,,,,,,
2008642,,,,,,,,,,,,,,,,,,,
2008648,,,,,,,,,,,,,,,,,,,
2008661,,,,,,,,,,,,,,,,,,,
2008724,,,,,,,,,,,,,,,,,,,
2008726,,,,,,,,,,,,,,,,,,,
2008747,,,,,,,,,,,,,,,,,,,
2008832,,,,,,,,,,,,,,,,,,,
2008900,,,,,,,,,,,,,,,,,,,
2008909,,,,,,,,,,,,,,,,,,,
2008916,,,,,,,,,,,,,,,,,,,
2008922,,,,,,,,,,,,,,,,,,,
2008927,,,,,,,,,,,,,,,,,,,
2008932,,,,,,,,,,,,,,,,,,,
2008935,,,,,,,,,,,,,,,,,,,
2008959,,,,,,,,,,,,,,,,,,,
2008966,,,,,,,,,,,,,,,,,,,
2008972,,,,,,,,,,,,,,,,,,,
