,id,breed,breedStr,price,color,location,age,zip,height,temp,warmblood,sold,soldhere,forsale,forlease,registered,skills,desc
628929,,,,,,,,,,,,,,,,,,
929703,,,,,,,,,,,,,,,,,,
1076482,,,,,,,,,,,,,,,,,,
1356465,,,,,,,,,,,,,,,,,,
1599155,,,,,,,,,,,,,,,,,,
1636392,,,,,,,,,,,,,,,,,,
1737334,,,,,,,,,,,,,,,,,,
1743731,,,,,,,,,,,,,,,,,,
1745769,,,,,,,,,,,,,,,,,,
1857642,,,,,,,,,,,,,,,,,,
1876758,,,,,,,,,,,,,,,,,,
1877250,,,,,,,,,,,,,,,,,,
1880099,,,,,,,,,,,,,,,,,,
1884078,,,,,,,,,,,,,,,,,,
1884365,,,,,,,,,,,,,,,,,,
1900612,,,,,,,,,,,,,,,,,,
1904938,,,,,,,,,,,,,,,,,,
1910327,,,,,,,,,,,,,,,,,,
1910708,,,,,,,,,,,,,,,,,,
1916803,,,,,,,,,,,,,,,,,,
1917223,,,,,,,,,,,,,,,,,,
1919320,,,,,,,,,,,,,,,,,,
1920857,,,,,,,,,,,,,,,,,,
1921812,,,,,,,,,,,,,,,,,,
1923548,,,,,,,,,,,,,,,,,,
1926642,,,,,,,,,,,,,,,,,,
1928268,,,,,,,,,,,,,,,,,,
1928536,,,,,,,,,,,,,,,,,,
1929714,,,,,,,,,,,,,,,,,,
1930444,,,,,,,,,,,,,,,,,,
1931732,,,,,,,,,,,,,,,,,,
1932793,,,,,,,,,,,,,,,,,,
1933953,,,,,,,,,,,,,,,,,,
1934659,,,,,,,,,,,,,,,,,,
1938595,,,,,,,,,,,,,,,,,,
1939296,,,,,,,,,,,,,,,,,,
1940410,,,,,,,,,,,,,,,,,,
1940831,,,,,,,,,,,,,,,,,,
1942560,,,,,,,,,,,,,,,,,,
1942591,,,,,,,,,,,,,,,,,,
1942593,,,,,,,,,,,,,,,,,,
1942595,,,,,,,,,,,,,,,,,,
1945623,,,,,,,,,,,,,,,,,,
1946828,,,,,,,,,,,,,,,,,,
1949233,,,,,,,,,,,,,,,,,,
1949248,,,,,,,,,,,,,,,,,,
1950382,,,,,,,,,,,,,,,,,,
1951238,,,,,,,,,,,,,,,,,,
1952013,,,,,,,,,,,,,,,,,,
1952669,,,,,,,,,,,,,,,,,,
1954372,,,,,,,,,,,,,,,,,,
1954419,,,,,,,,,,,,,,,,,,
1956194,,,,,,,,,,,,,,,,,,
1956435,,,,,,,,,,,,,,,,,,
1957251,,,,,,,,,,,,,,,,,,
1957601,,,,,,,,,,,,,,,,,,
1957959,,,,,,,,,,,,,,,,,,
1959570,,,,,,,,,,,,,,,,,,
1960798,,,,,,,,,,,,,,,,,,
1961126,,,,,,,,,,,,,,,,,,
1961137,,,,,,,,,,,,,,,,,,
1961532,,,,,,,,,,,,,,,,,,
1961633,,,,,,,,,,,,,,,,,,
1962390,,,,,,,,,,,,,,,,,,
1963132,,,,,,,,,,,,,,,,,,
1963227,,,,,,,,,,,,,,,,,,
1963533,,,,,,,,,,,,,,,,,,
1963554,,,,,,,,,,,,,,,,,,
1963651,,,,,,,,,,,,,,,,,,
1963668,,,,,,,,,,,,,,,,,,
1963675,,,,,,,,,,,,,,,,,,
1963682,,,,,,,,,,,,,,,,,,
1963699,,,,,,,,,,,,,,,,,,
1963746,,,,,,,,,,,,,,,,,,
1964170,,,,,,,,,,,,,,,,,,
1964171,,,,,,,,,,,,,,,,,,
1964990,,,,,,,,,,,,,,,,,,
1965274,,,,,,,,,,,,,,,,,,
1965735,,,,,,,,,,,,,,,,,,
1966585,,,,,,,,,,,,,,,,,,
1967005,,,,,,,,,,,,,,,,,,
1967911,,,,,,,,,,,,,,,,,,
1967999,,,,,,,,,,,,,,,,,,
1968304,,,,,,,,,,,,,,,,,,
1968542,,,,,,,,,,,,,,,,,,
1968549,,,,,,,,,,,,,,,,,,
1968627,,,,,,,,,,,,,,,,,,
1968703,,,,,,,,,,,,,,,,,,
1969291,,,,,,,,,,,,,,,,,,
1969297,,,,,,,,,,,,,,,,,,
1969302,,,,,,,,,,,,,,,,,,
1969305,,,,,,,,,,,,,,,,,,
1969575,,,,,,,,,,,,,,,,,,
1969772,,,,,,,,,,,,,,,,,,
1969775,,,,,,,,,,,,,,,,,,
1969942,,,,,,,,,,,,,,,,,,
1970199,,,,,,,,,,,,,,,,,,
1970296,,,,,,,,,,,,,,,,,,
1970659,,,,,,,,,,,,,,,,,,
1970674,,,,,,,,,,,,,,,,,,
1970952,,,,,,,,,,,,,,,,,,
1972172,,,,,,,,,,,,,,,,,,
1972293,,,,,,,,,,,,,,,,,,
1972636,,,,,,,,,,,,,,,,,,
1972707,,,,,,,,,,,,,,,,,,
1972714,,,,,,,,,,,,,,,,,,
1972718,,,,,,,,,,,,,,,,,,
1972720,,,,,,,,,,,,,,,,,,
1973342,,,,,,,,,,,,,,,,,,
1973478,,,,,,,,,,,,,,,,,,
1973570,,,,,,,,,,,,,,,,,,
1973752,,,,,,,,,,,,,,,,,,
1974183,,,,,,,,,,,,,,,,,,
1974386,,,,,,,,,,,,,,,,,,
1975114,,,,,,,,,,,,,,,,,,
1975345,,,,,,,,,,,,,,,,,,
1975659,,,,,,,,,,,,,,,,,,
1975842,,,,,,,,,,,,,,,,,,
1975890,,,,,,,,,,,,,,,,,,
1975924,,,,,,,,,,,,,,,,,,
1976184,,,,,,,,,,,,,,,,,,
1976438,,,,,,,,,,,,,,,,,,
1977195,,,,,,,,,,,,,,,,,,
1977287,,,,,,,,,,,,,,,,,,
1977292,,,,,,,,,,,,,,,,,,
1978003,,,,,,,,,,,,,,,,,,
1978159,,,,,,,,,,,,,,,,,,
1978164,,,,,,,,,,,,,,,,,,
1978740,,,,,,,,,,,,,,,,,,
1978940,,,,,,,,,,,,,,,,,,
1979074,,,,,,,,,,,,,,,,,,
1979122,,,,,,,,,,,,,,,,,,
1979170,,,,,,,,,,,,,,,,,,
1979191,,,,,,,,,,,,,,,,,,
1979354,,,,,,,,,,,,,,,,,,
1979626,,,,,,,,,,,,,,,,,,
1979908,,,,,,,,,,,,,,,,,,
1979942,,,,,,,,,,,,,,,,,,
1979979,,,,,,,,,,,,,,,,,,
1980091,,,,,,,,,,,,,,,,,,
1980206,,,,,,,,,,,,,,,,,,
1980399,,,,,,,,,,,,,,,,,,
1980513,,,,,,,,,,,,,,,,,,
1980551,,,,,,,,,,,,,,,,,,
1980616,,,,,,,,,,,,,,,,,,
1980645,,,,,,,,,,,,,,,,,,
1980724,,,,,,,,,,,,,,,,,,
1980865,,,,,,,,,,,,,,,,,,
1980916,,,,,,,,,,,,,,,,,,
1981237,,,,,,,,,,,,,,,,,,
1981413,,,,,,,,,,,,,,,,,,
1981625,,,,,,,,,,,,,,,,,,
1981727,,,,,,,,,,,,,,,,,,
1981986,,,,,,,,,,,,,,,,,,
1982223,,,,,,,,,,,,,,,,,,
1982225,,,,,,,,,,,,,,,,,,
1982344,,,,,,,,,,,,,,,,,,
1982843,,,,,,,,,,,,,,,,,,
1982928,,,,,,,,,,,,,,,,,,
1982966,,,,,,,,,,,,,,,,,,
1983143,,,,,,,,,,,,,,,,,,
1983285,,,,,,,,,,,,,,,,,,
1983286,,,,,,,,,,,,,,,,,,
1983310,,,,,,,,,,,,,,,,,,
1983312,,,,,,,,,,,,,,,,,,
1983313,,,,,,,,,,,,,,,,,,
1983327,,,,,,,,,,,,,,,,,,
1983332,,,,,,,,,,,,,,,,,,
1983374,,,,,,,,,,,,,,,,,,
1983402,,,,,,,,,,,,,,,,,,
1983404,,,,,,,,,,,,,,,,,,
1983451,,,,,,,,,,,,,,,,,,
1983457,,,,,,,,,,,,,,,,,,
1983503,,,,,,,,,,,,,,,,,,
1983512,,,,,,,,,,,,,,,,,,
1983621,,,,,,,,,,,,,,,,,,
1983627,,,,,,,,,,,,,,,,,,
1983668,,,,,,,,,,,,,,,,,,
1983705,,,,,,,,,,,,,,,,,,
1983706,,,,,,,,,,,,,,,,,,
1983769,,,,,,,,,,,,,,,,,,
1983809,,,,,,,,,,,,,,,,,,
1984002,,,,,,,,,,,,,,,,,,
1984025,,,,,,,,,,,,,,,,,,
1984049,,,,,,,,,,,,,,,,,,
1984087,,,,,,,,,,,,,,,,,,
1984135,,,,,,,,,,,,,,,,,,
1984353,,,,,,,,,,,,,,,,,,
1984552,,,,,,,,,,,,,,,,,,
1984581,,,,,,,,,,,,,,,,,,
1984615,,,,,,,,,,,,,,,,,,
1984630,,,,,,,,,,,,,,,,,,
1984655,,,,,,,,,,,,,,,,,,
1984683,,,,,,,,,,,,,,,,,,
1984775,,,,,,,,,,,,,,,,,,
1984899,,,,,,,,,,,,,,,,,,
1984984,,,,,,,,,,,,,,,,,,
1985112,,,,,,,,,,,,,,,,,,
1985134,,,,,,,,,,,,,,,,,,
1985351,,,,,,,,,,,,,,,,,,
1985482,,,,,,,,,,,,,,,,,,
1985517,,,,,,,,,,,,,,,,,,
1985863,,,,,,,,,,,,,,,,,,
1985864,,,,,,,,,,,,,,,,,,
1985865,,,,,,,,,,,,,,,,,,
1985871,,,,,,,,,,,,,,,,,,
1985873,,,,,,,,,,,,,,,,,,
1986139,,,,,,,,,,,,,,,,,,
1986227,,,,,,,,,,,,,,,,,,
1986373,,,,,,,,,,,,,,,,,,
1986512,,,,,,,,,,,,,,,,,,
1986960,,,,,,,,,,,,,,,,,,
1987088,,,,,,,,,,,,,,,,,,
1987121,,,,,,,,,,,,,,,,,,
1987260,,,,,,,,,,,,,,,,,,
1987290,,,,,,,,,,,,,,,,,,
1987299,,,,,,,,,,,,,,,,,,
1987339,,,,,,,,,,,,,,,,,,
1987438,,,,,,,,,,,,,,,,,,
1987584,,,,,,,,,,,,,,,,,,
1987585,,,,,,,,,,,,,,,,,,
1987753,,,,,,,,,,,,,,,,,,
1987766,,,,,,,,,,,,,,,,,,
1988003,,,,,,,,,,,,,,,,,,
1988128,,,,,,,,,,,,,,,,,,
1988156,,,,,,,,,,,,,,,,,,
1988212,,,,,,,,,,,,,,,,,,
1988322,,,,,,,,,,,,,,,,,,
1988357,,,,,,,,,,,,,,,,,,
1988789,,,,,,,,,,,,,,,,,,
1989182,,,,,,,,,,,,,,,,,,
1989257,,,,,,,,,,,,,,,,,,
1989303,,,,,,,,,,,,,,,,,,
1989314,,,,,,,,,,,,,,,,,,
1989316,,,,,,,,,,,,,,,,,,
1989476,,,,,,,,,,,,,,,,,,
1989492,,,,,,,,,,,,,,,,,,
1989494,,,,,,,,,,,,,,,,,,
1989571,,,,,,,,,,,,,,,,,,
1989641,,,,,,,,,,,,,,,,,,
1989672,,,,,,,,,,,,,,,,,,
1989675,,,,,,,,,,,,,,,,,,
1989678,,,,,,,,,,,,,,,,,,
1989728,,,,,,,,,,,,,,,,,,
1989816,,,,,,,,,,,,,,,,,,
1989818,,,,,,,,,,,,,,,,,,
1989840,,,,,,,,,,,,,,,,,,
1989986,,,,,,,,,,,,,,,,,,
1989991,,,,,,,,,,,,,,,,,,
1989998,,,,,,,,,,,,,,,,,,
1990189,,,,,,,,,,,,,,,,,,
1990245,,,,,,,,,,,,,,,,,,
1990298,,,,,,,,,,,,,,,,,,
1990384,,,,,,,,,,,,,,,,,,
1990385,,,,,,,,,,,,,,,,,,
1990490,,,,,,,,,,,,,,,,,,
1990524,,,,,,,,,,,,,,,,,,
1990582,,,,,,,,,,,,,,,,,,
1990684,,,,,,,,,,,,,,,,,,
1990860,,,,,,,,,,,,,,,,,,
1990944,,,,,,,,,,,,,,,,,,
1991140,,,,,,,,,,,,,,,,,,
1991335,,,,,,,,,,,,,,,,,,
1991386,,,,,,,,,,,,,,,,,,
1991420,,,,,,,,,,,,,,,,,,
1991631,,,,,,,,,,,,,,,,,,
1991652,,,,,,,,,,,,,,,,,,
1991664,,,,,,,,,,,,,,,,,,
1991665,,,,,,,,,,,,,,,,,,
1991668,,,,,,,,,,,,,,,,,,
1991800,,,,,,,,,,,,,,,,,,
1991819,,,,,,,,,,,,,,,,,,
1991883,,,,,,,,,,,,,,,,,,
1991981,,,,,,,,,,,,,,,,,,
1992071,,,,,,,,,,,,,,,,,,
1992086,,,,,,,,,,,,,,,,,,
1992119,,,,,,,,,,,,,,,,,,
1992185,,,,,,,,,,,,,,,,,,
1992194,,,,,,,,,,,,,,,,,,
1992211,,,,,,,,,,,,,,,,,,
1992275,,,,,,,,,,,,,,,,,,
1992303,,,,,,,,,,,,,,,,,,
1992385,,,,,,,,,,,,,,,,,,
1992394,,,,,,,,,,,,,,,,,,
1992540,,,,,,,,,,,,,,,,,,
1992615,,,,,,,,,,,,,,,,,,
1992803,,,,,,,,,,,,,,,,,,
1992839,,,,,,,,,,,,,,,,,,
1992863,,,,,,,,,,,,,,,,,,
1992899,,,,,,,,,,,,,,,,,,
1992970,,,,,,,,,,,,,,,,,,
1993007,,,,,,,,,,,,,,,,,,
1993041,,,,,,,,,,,,,,,,,,
1993052,,,,,,,,,,,,,,,,,,
1993059,,,,,,,,,,,,,,,,,,
1993068,,,,,,,,,,,,,,,,,,
1993192,,,,,,,,,,,,,,,,,,
1993234,,,,,,,,,,,,,,,,,,
1993344,,,,,,,,,,,,,,,,,,
1993370,,,,,,,,,,,,,,,,,,
1993371,,,,,,,,,,,,,,,,,,
1993407,,,,,,,,,,,,,,,,,,
1993525,,,,,,,,,,,,,,,,,,
1993639,,,,,,,,,,,,,,,,,,
1993930,,,,,,,,,,,,,,,,,,
1994087,,,,,,,,,,,,,,,,,,
1994133,,,,,,,,,,,,,,,,,,
1994193,,,,,,,,,,,,,,,,,,
1994201,,,,,,,,,,,,,,,,,,
1994301,,,,,,,,,,,,,,,,,,
1994377,,,,,,,,,,,,,,,,,,
1994411,,,,,,,,,,,,,,,,,,
1994425,,,,,,,,,,,,,,,,,,
1994441,,,,,,,,,,,,,,,,,,
1994442,,,,,,,,,,,,,,,,,,
1994443,,,,,,,,,,,,,,,,,,
1994456,,,,,,,,,,,,,,,,,,
1994508,,,,,,,,,,,,,,,,,,
1994513,,,,,,,,,,,,,,,,,,
1994536,,,,,,,,,,,,,,,,,,
1994618,,,,,,,,,,,,,,,,,,
1994671,,,,,,,,,,,,,,,,,,
1994675,,,,,,,,,,,,,,,,,,
1994683,,,,,,,,,,,,,,,,,,
1994714,,,,,,,,,,,,,,,,,,
1994745,,,,,,,,,,,,,,,,,,
1994771,,,,,,,,,,,,,,,,,,
1994797,,,,,,,,,,,,,,,,,,
1994827,,,,,,,,,,,,,,,,,,
1994845,,,,,,,,,,,,,,,,,,
1994847,,,,,,,,,,,,,,,,,,
1994851,,,,,,,,,,,,,,,,,,
1994869,,,,,,,,,,,,,,,,,,
1994876,,,,,,,,,,,,,,,,,,
1994884,,,,,,,,,,,,,,,,,,
1994899,,,,,,,,,,,,,,,,,,
1994969,,,,,,,,,,,,,,,,,,
1995007,,,,,,,,,,,,,,,,,,
1995018,,,,,,,,,,,,,,,,,,
1995023,,,,,,,,,,,,,,,,,,
1995024,,,,,,,,,,,,,,,,,,
1995025,,,,,,,,,,,,,,,,,,
1995044,,,,,,,,,,,,,,,,,,
1995064,,,,,,,,,,,,,,,,,,
1995090,,,,,,,,,,,,,,,,,,
1995091,,,,,,,,,,,,,,,,,,
1995113,,,,,,,,,,,,,,,,,,
1995134,,,,,,,,,,,,,,,,,,
1995208,,,,,,,,,,,,,,,,,,
1995228,,,,,,,,,,,,,,,,,,
1995236,,,,,,,,,,,,,,,,,,
1995265,,,,,,,,,,,,,,,,,,
1995274,,,,,,,,,,,,,,,,,,
1995347,,,,,,,,,,,,,,,,,,
1995371,,,,,,,,,,,,,,,,,,
1995385,,,,,,,,,,,,,,,,,,
1995387,,,,,,,,,,,,,,,,,,
1995417,,,,,,,,,,,,,,,,,,
1995464,,,,,,,,,,,,,,,,,,
1995476,,,,,,,,,,,,,,,,,,
1995504,,,,,,,,,,,,,,,,,,
1995515,,,,,,,,,,,,,,,,,,
1995556,,,,,,,,,,,,,,,,,,
1995558,,,,,,,,,,,,,,,,,,
1995666,,,,,,,,,,,,,,,,,,
1995697,,,,,,,,,,,,,,,,,,
1995716,,,,,,,,,,,,,,,,,,
1995728,,,,,,,,,,,,,,,,,,
1995748,,,,,,,,,,,,,,,,,,
1995750,,,,,,,,,,,,,,,,,,
1995753,,,,,,,,,,,,,,,,,,
1995756,,,,,,,,,,,,,,,,,,
1995786,,,,,,,,,,,,,,,,,,
1995794,,,,,,,,,,,,,,,,,,
1995810,,,,,,,,,,,,,,,,,,
1995825,,,,,,,,,,,,,,,,,,
1995832,,,,,,,,,,,,,,,,,,
1995837,,,,,,,,,,,,,,,,,,
1995843,,,,,,,,,,,,,,,,,,
1995857,,,,,,,,,,,,,,,,,,
1995949,,,,,,,,,,,,,,,,,,
1995971,,,,,,,,,,,,,,,,,,
1996011,,,,,,,,,,,,,,,,,,
1996014,,,,,,,,,,,,,,,,,,
1996016,,,,,,,,,,,,,,,,,,
1996017,,,,,,,,,,,,,,,,,,
1996031,,,,,,,,,,,,,,,,,,
1996055,,,,,,,,,,,,,,,,,,
1996096,,,,,,,,,,,,,,,,,,
1996098,,,,,,,,,,,,,,,,,,
1996100,,,,,,,,,,,,,,,,,,
1996101,,,,,,,,,,,,,,,,,,
1996140,,,,,,,,,,,,,,,,,,
1996196,,,,,,,,,,,,,,,,,,
1996203,,,,,,,,,,,,,,,,,,
1996208,,,,,,,,,,,,,,,,,,
1996218,,,,,,,,,,,,,,,,,,
1996231,,,,,,,,,,,,,,,,,,
1996326,,,,,,,,,,,,,,,,,,
1996390,,,,,,,,,,,,,,,,,,
1996391,,,,,,,,,,,,,,,,,,
1996407,,,,,,,,,,,,,,,,,,
1996428,,,,,,,,,,,,,,,,,,
1996459,,,,,,,,,,,,,,,,,,
1996462,,,,,,,,,,,,,,,,,,
1996474,,,,,,,,,,,,,,,,,,
1996477,,,,,,,,,,,,,,,,,,
1996521,,,,,,,,,,,,,,,,,,
1996561,,,,,,,,,,,,,,,,,,
1996563,,,,,,,,,,,,,,,,,,
1996587,,,,,,,,,,,,,,,,,,
1996615,,,,,,,,,,,,,,,,,,
1996617,,,,,,,,,,,,,,,,,,
1996621,,,,,,,,,,,,,,,,,,
1996650,,,,,,,,,,,,,,,,,,
1996711,,,,,,,,,,,,,,,,,,
1996730,,,,,,,,,,,,,,,,,,
1996836,,,,,,,,,,,,,,,,,,
1996873,,,,,,,,,,,,,,,,,,
1996874,,,,,,,,,,,,,,,,,,
1996878,,,,,,,,,,,,,,,,,,
1996885,,,,,,,,,,,,,,,,,,
1996896,,,,,,,,,,,,,,,,,,
1996914,,,,,,,,,,,,,,,,,,
1996947,,,,,,,,,,,,,,,,,,
1996984,,,,,,,,,,,,,,,,,,
1996994,,,,,,,,,,,,,,,,,,
1997006,,,,,,,,,,,,,,,,,,
1997094,,,,,,,,,,,,,,,,,,
1997118,,,,,,,,,,,,,,,,,,
1997133,,,,,,,,,,,,,,,,,,
1997204,,,,,,,,,,,,,,,,,,
1997209,,,,,,,,,,,,,,,,,,
1997227,,,,,,,,,,,,,,,,,,
1997249,,,,,,,,,,,,,,,,,,
1997260,,,,,,,,,,,,,,,,,,
1997345,,,,,,,,,,,,,,,,,,
1997346,,,,,,,,,,,,,,,,,,
1997373,,,,,,,,,,,,,,,,,,
1997411,,,,,,,,,,,,,,,,,,
1997456,,,,,,,,,,,,,,,,,,
1997502,,,,,,,,,,,,,,,,,,
1997550,,,,,,,,,,,,,,,,,,
1997571,,,,,,,,,,,,,,,,,,
1997573,,,,,,,,,,,,,,,,,,
1997576,,,,,,,,,,,,,,,,,,
1997577,,,,,,,,,,,,,,,,,,
1997584,,,,,,,,,,,,,,,,,,
1997586,,,,,,,,,,,,,,,,,,
1997611,,,,,,,,,,,,,,,,,,
1997618,,,,,,,,,,,,,,,,,,
1997725,,,,,,,,,,,,,,,,,,
1997765,,,,,,,,,,,,,,,,,,
1997770,,,,,,,,,,,,,,,,,,
1997773,,,,,,,,,,,,,,,,,,
1997776,,,,,,,,,,,,,,,,,,
1997816,,,,,,,,,,,,,,,,,,
1997823,,,,,,,,,,,,,,,,,,
1997924,,,,,,,,,,,,,,,,,,
1997967,,,,,,,,,,,,,,,,,,
1998045,,,,,,,,,,,,,,,,,,
1998092,,,,,,,,,,,,,,,,,,
1998145,,,,,,,,,,,,,,,,,,
1998425,,,,,,,,,,,,,,,,,,
1998428,,,,,,,,,,,,,,,,,,
1998455,,,,,,,,,,,,,,,,,,
1998496,,,,,,,,,,,,,,,,,,
1998505,,,,,,,,,,,,,,,,,,
1998562,,,,,,,,,,,,,,,,,,
1998583,,,,,,,,,,,,,,,,,,
1998588,,,,,,,,,,,,,,,,,,
1998641,,,,,,,,,,,,,,,,,,
1998659,,,,,,,,,,,,,,,,,,
1998679,,,,,,,,,,,,,,,,,,
1998700,,,,,,,,,,,,,,,,,,
1998703,,,,,,,,,,,,,,,,,,
1998708,,,,,,,,,,,,,,,,,,
1998709,,,,,,,,,,,,,,,,,,
1998765,,,,,,,,,,,,,,,,,,
1998782,,,,,,,,,,,,,,,,,,
1998787,,,,,,,,,,,,,,,,,,
1998815,,,,,,,,,,,,,,,,,,
1998823,,,,,,,,,,,,,,,,,,
1998827,,,,,,,,,,,,,,,,,,
1998828,,,,,,,,,,,,,,,,,,
1998832,,,,,,,,,,,,,,,,,,
1998848,,,,,,,,,,,,,,,,,,
1998851,,,,,,,,,,,,,,,,,,
1998852,,,,,,,,,,,,,,,,,,
1998904,,,,,,,,,,,,,,,,,,
1998909,,,,,,,,,,,,,,,,,,
1999026,,,,,,,,,,,,,,,,,,
1999052,,,,,,,,,,,,,,,,,,
1999069,,,,,,,,,,,,,,,,,,
1999086,,,,,,,,,,,,,,,,,,
1999103,,,,,,,,,,,,,,,,,,
1999105,,,,,,,,,,,,,,,,,,
1999126,,,,,,,,,,,,,,,,,,
1999133,,,,,,,,,,,,,,,,,,
1999154,,,,,,,,,,,,,,,,,,
1999171,,,,,,,,,,,,,,,,,,
1999199,,,,,,,,,,,,,,,,,,
1999203,,,,,,,,,,,,,,,,,,
1999207,,,,,,,,,,,,,,,,,,
1999209,,,,,,,,,,,,,,,,,,
1999211,,,,,,,,,,,,,,,,,,
1999281,,,,,,,,,,,,,,,,,,
1999399,,,,,,,,,,,,,,,,,,
1999400,,,,,,,,,,,,,,,,,,
1999402,,,,,,,,,,,,,,,,,,
1999405,,,,,,,,,,,,,,,,,,
1999419,,,,,,,,,,,,,,,,,,
1999442,,,,,,,,,,,,,,,,,,
1999687,,,,,,,,,,,,,,,,,,
1999689,,,,,,,,,,,,,,,,,,
1999693,,,,,,,,,,,,,,,,,,
1999791,,,,,,,,,,,,,,,,,,
1999826,,,,,,,,,,,,,,,,,,
1999838,,,,,,,,,,,,,,,,,,
1999858,,,,,,,,,,,,,,,,,,
1999861,,,,,,,,,,,,,,,,,,
1999864,,,,,,,,,,,,,,,,,,
1999873,,,,,,,,,,,,,,,,,,
1999937,,,,,,,,,,,,,,,,,,
1999944,,,,,,,,,,,,,,,,,,
2000007,,,,,,,,,,,,,,,,,,
2000041,,,,,,,,,,,,,,,,,,
2000046,,,,,,,,,,,,,,,,,,
2000053,,,,,,,,,,,,,,,,,,
2000081,,,,,,,,,,,,,,,,,,
2000235,,,,,,,,,,,,,,,,,,
2000241,,,,,,,,,,,,,,,,,,
2000242,,,,,,,,,,,,,,,,,,
2000258,,,,,,,,,,,,,,,,,,
2000262,,,,,,,,,,,,,,,,,,
2000268,,,,,,,,,,,,,,,,,,
2000350,,,,,,,,,,,,,,,,,,
2000373,,,,,,,,,,,,,,,,,,
2000394,,,,,,,,,,,,,,,,,,
2000491,,,,,,,,,,,,,,,,,,
2000493,,,,,,,,,,,,,,,,,,
2000533,,,,,,,,,,,,,,,,,,
2000537,,,,,,,,,,,,,,,,,,
2000568,,,,,,,,,,,,,,,,,,
2000582,,,,,,,,,,,,,,,,,,
2000628,,,,,,,,,,,,,,,,,,
2000674,,,,,,,,,,,,,,,,,,
2000678,,,,,,,,,,,,,,,,,,
2000709,,,,,,,,,,,,,,,,,,
2000748,,,,,,,,,,,,,,,,,,
2000753,,,,,,,,,,,,,,,,,,
2000754,,,,,,,,,,,,,,,,,,
2000810,,,,,,,,,,,,,,,,,,
2000812,,,,,,,,,,,,,,,,,,
2000822,,,,,,,,,,,,,,,,,,
2000840,,,,,,,,,,,,,,,,,,
2000889,,,,,,,,,,,,,,,,,,
2000930,,,,,,,,,,,,,,,,,,
2000952,,,,,,,,,,,,,,,,,,
2000955,,,,,,,,,,,,,,,,,,
2000976,,,,,,,,,,,,,,,,,,
2000983,,,,,,,,,,,,,,,,,,
2001035,,,,,,,,,,,,,,,,,,
2001079,,,,,,,,,,,,,,,,,,
2001081,,,,,,,,,,,,,,,,,,
2001138,,,,,,,,,,,,,,,,,,
2001143,,,,,,,,,,,,,,,,,,
2001153,,,,,,,,,,,,,,,,,,
2001165,,,,,,,,,,,,,,,,,,
2001185,,,,,,,,,,,,,,,,,,
2001191,,,,,,,,,,,,,,,,,,
2001281,,,,,,,,,,,,,,,,,,
2001319,,,,,,,,,,,,,,,,,,
2001323,,,,,,,,,,,,,,,,,,
2001442,,,,,,,,,,,,,,,,,,
2001470,,,,,,,,,,,,,,,,,,
2001561,,,,,,,,,,,,,,,,,,
2001596,,,,,,,,,,,,,,,,,,
2001616,,,,,,,,,,,,,,,,,,
2001678,,,,,,,,,,,,,,,,,,
2001692,,,,,,,,,,,,,,,,,,
2001769,,,,,,,,,,,,,,,,,,
2001771,,,,,,,,,,,,,,,,,,
2001791,,,,,,,,,,,,,,,,,,
2001857,,,,,,,,,,,,,,,,,,
2001861,,,,,,,,,,,,,,,,,,
2001901,,,,,,,,,,,,,,,,,,
2001912,,,,,,,,,,,,,,,,,,
2001913,,,,,,,,,,,,,,,,,,
2001987,,,,,,,,,,,,,,,,,,
2001990,,,,,,,,,,,,,,,,,,
2001991,,,,,,,,,,,,,,,,,,
2001993,,,,,,,,,,,,,,,,,,
2001996,,,,,,,,,,,,,,,,,,
2002013,,,,,,,,,,,,,,,,,,
2002045,,,,,,,,,,,,,,,,,,
2002114,,,,,,,,,,,,,,,,,,
2002122,,,,,,,,,,,,,,,,,,
2002182,,,,,,,,,,,,,,,,,,
2002215,,,,,,,,,,,,,,,,,,
2002222,,,,,,,,,,,,,,,,,,
2002285,,,,,,,,,,,,,,,,,,
2002339,,,,,,,,,,,,,,,,,,
2002346,,,,,,,,,,,,,,,,,,
2002397,,,,,,,,,,,,,,,,,,
2002508,,,,,,,,,,,,,,,,,,
2002570,,,,,,,,,,,,,,,,,,
2002585,,,,,,,,,,,,,,,,,,
2002614,,,,,,,,,,,,,,,,,,
2002628,,,,,,,,,,,,,,,,,,
2002632,,,,,,,,,,,,,,,,,,
2002641,,,,,,,,,,,,,,,,,,
2002647,,,,,,,,,,,,,,,,,,
2002650,,,,,,,,,,,,,,,,,,
2002679,,,,,,,,,,,,,,,,,,
2002800,,,,,,,,,,,,,,,,,,
2002847,,,,,,,,,,,,,,,,,,
2002862,,,,,,,,,,,,,,,,,,
2002879,,,,,,,,,,,,,,,,,,
2002892,,,,,,,,,,,,,,,,,,
2002914,,,,,,,,,,,,,,,,,,
2002922,,,,,,,,,,,,,,,,,,
2002933,,,,,,,,,,,,,,,,,,
2002943,,,,,,,,,,,,,,,,,,
2003138,,,,,,,,,,,,,,,,,,
2003141,,,,,,,,,,,,,,,,,,
2003179,,,,,,,,,,,,,,,,,,
2003204,,,,,,,,,,,,,,,,,,
2003295,,,,,,,,,,,,,,,,,,
2003367,,,,,,,,,,,,,,,,,,
2003383,,,,,,,,,,,,,,,,,,
2003419,,,,,,,,,,,,,,,,,,
2003445,,,,,,,,,,,,,,,,,,
2003456,,,,,,,,,,,,,,,,,,
2003462,,,,,,,,,,,,,,,,,,
2003465,,,,,,,,,,,,,,,,,,
2003468,,,,,,,,,,,,,,,,,,
2003495,,,,,,,,,,,,,,,,,,
2003509,,,,,,,,,,,,,,,,,,
2003524,,,,,,,,,,,,,,,,,,
2003528,,,,,,,,,,,,,,,,,,
2003583,,,,,,,,,,,,,,,,,,
2003613,,,,,,,,,,,,,,,,,,
2003623,,,,,,,,,,,,,,,,,,
2003625,,,,,,,,,,,,,,,,,,
2003641,,,,,,,,,,,,,,,,,,
2003661,,,,,,,,,,,,,,,,,,
2003687,,,,,,,,,,,,,,,,,,
2003690,,,,,,,,,,,,,,,,,,
2003845,,,,,,,,,,,,,,,,,,
2003851,,,,,,,,,,,,,,,,,,
2003855,,,,,,,,,,,,,,,,,,
2003875,,,,,,,,,,,,,,,,,,
2003955,,,,,,,,,,,,,,,,,,
2004019,,,,,,,,,,,,,,,,,,
2004028,,,,,,,,,,,,,,,,,,
2004068,,,,,,,,,,,,,,,,,,
2004105,,,,,,,,,,,,,,,,,,
2004107,,,,,,,,,,,,,,,,,,
2004179,,,,,,,,,,,,,,,,,,
2004209,,,,,,,,,,,,,,,,,,
2004237,,,,,,,,,,,,,,,,,,
2004265,,,,,,,,,,,,,,,,,,
2004274,,,,,,,,,,,,,,,,,,
2004289,,,,,,,,,,,,,,,,,,
2004293,,,,,,,,,,,,,,,,,,
2004322,,,,,,,,,,,,,,,,,,
2004325,,,,,,,,,,,,,,,,,,
2004361,,,,,,,,,,,,,,,,,,
2004369,,,,,,,,,,,,,,,,,,
2004403,,,,,,,,,,,,,,,,,,
2004417,,,,,,,,,,,,,,,,,,
2004454,,,,,,,,,,,,,,,,,,
2004541,,,,,,,,,,,,,,,,,,
2004611,,,,,,,,,,,,,,,,,,
2004679,,,,,,,,,,,,,,,,,,
2004697,,,,,,,,,,,,,,,,,,
2004737,,,,,,,,,,,,,,,,,,
2004768,,,,,,,,,,,,,,,,,,
2004844,,,,,,,,,,,,,,,,,,
2004872,,,,,,,,,,,,,,,,,,
2004885,,,,,,,,,,,,,,,,,,
2004898,,,,,,,,,,,,,,,,,,
2004899,,,,,,,,,,,,,,,,,,
2004928,,,,,,,,,,,,,,,,,,
2004986,,,,,,,,,,,,,,,,,,
2005027,,,,,,,,,,,,,,,,,,
2005148,,,,,,,,,,,,,,,,,,
2005155,,,,,,,,,,,,,,,,,,
2005173,,,,,,,,,,,,,,,,,,
2005213,,,,,,,,,,,,,,,,,,
2005262,,,,,,,,,,,,,,,,,,
2005269,,,,,,,,,,,,,,,,,,
2005290,,,,,,,,,,,,,,,,,,
2005352,,,,,,,,,,,,,,,,,,
2005390,,,,,,,,,,,,,,,,,,
2005413,,,,,,,,,,,,,,,,,,
2005416,,,,,,,,,,,,,,,,,,
2005451,,,,,,,,,,,,,,,,,,
2005509,,,,,,,,,,,,,,,,,,
2005552,,,,,,,,,,,,,,,,,,
2005553,,,,,,,,,,,,,,,,,,
2005554,,,,,,,,,,,,,,,,,,
2005619,,,,,,,,,,,,,,,,,,
2005620,,,,,,,,,,,,,,,,,,
2005628,,,,,,,,,,,,,,,,,,
2005676,,,,,,,,,,,,,,,,,,
2005693,,,,,,,,,,,,,,,,,,
2005700,,,,,,,,,,,,,,,,,,
2005711,,,,,,,,,,,,,,,,,,
2005739,,,,,,,,,,,,,,,,,,
2005744,,,,,,,,,,,,,,,,,,
2005777,,,,,,,,,,,,,,,,,,
2005779,,,,,,,,,,,,,,,,,,
2005801,,,,,,,,,,,,,,,,,,
2005806,,,,,,,,,,,,,,,,,,
2005833,,,,,,,,,,,,,,,,,,
2005862,,,,,,,,,,,,,,,,,,
2005863,,,,,,,,,,,,,,,,,,
2005869,,,,,,,,,,,,,,,,,,
2005896,,,,,,,,,,,,,,,,,,
2005925,,,,,,,,,,,,,,,,,,
2005936,,,,,,,,,,,,,,,,,,
2005941,,,,,,,,,,,,,,,,,,
2005955,,,,,,,,,,,,,,,,,,
2005959,,,,,,,,,,,,,,,,,,
2005962,,,,,,,,,,,,,,,,,,
2006015,,,,,,,,,,,,,,,,,,
2006044,,,,,,,,,,,,,,,,,,
2006055,,,,,,,,,,,,,,,,,,
2006105,,,,,,,,,,,,,,,,,,
2006125,,,,,,,,,,,,,,,,,,
2006163,,,,,,,,,,,,,,,,,,
2006196,,,,,,,,,,,,,,,,,,
2006239,,,,,,,,,,,,,,,,,,
2006244,,,,,,,,,,,,,,,,,,
2006288,,,,,,,,,,,,,,,,,,
2006290,,,,,,,,,,,,,,,,,,
2006333,,,,,,,,,,,,,,,,,,
2006358,,,,,,,,,,,,,,,,,,
2006389,,,,,,,,,,,,,,,,,,
2006394,,,,,,,,,,,,,,,,,,
2006399,,,,,,,,,,,,,,,,,,
2006408,,,,,,,,,,,,,,,,,,
2006426,,,,,,,,,,,,,,,,,,
2006455,,,,,,,,,,,,,,,,,,
2006459,,,,,,,,,,,,,,,,,,
2006501,,,,,,,,,,,,,,,,,,
2006572,,,,,,,,,,,,,,,,,,
2006584,,,,,,,,,,,,,,,,,,
2006591,,,,,,,,,,,,,,,,,,
2006629,,,,,,,,,,,,,,,,,,
2006656,,,,,,,,,,,,,,,,,,
2006657,,,,,,,,,,,,,,,,,,
2006678,,,,,,,,,,,,,,,,,,
2006703,,,,,,,,,,,,,,,,,,
2006728,,,,,,,,,,,,,,,,,,
2006737,,,,,,,,,,,,,,,,,,
2006748,,,,,,,,,,,,,,,,,,
2006753,,,,,,,,,,,,,,,,,,
2006775,,,,,,,,,,,,,,,,,,
2006795,,,,,,,,,,,,,,,,,,
2006852,,,,,,,,,,,,,,,,,,
2006863,,,,,,,,,,,,,,,,,,
2006874,,,,,,,,,,,,,,,,,,
2006905,,,,,,,,,,,,,,,,,,
2006970,,,,,,,,,,,,,,,,,,
2006998,,,,,,,,,,,,,,,,,,
2007009,,,,,,,,,,,,,,,,,,
2007014,,,,,,,,,,,,,,,,,,
2007029,,,,,,,,,,,,,,,,,,
2007065,,,,,,,,,,,,,,,,,,
2007087,,,,,,,,,,,,,,,,,,
2007107,,,,,,,,,,,,,,,,,,
2007128,,,,,,,,,,,,,,,,,,
2007176,,,,,,,,,,,,,,,,,,
2007177,,,,,,,,,,,,,,,,,,
2007212,,,,,,,,,,,,,,,,,,
2007215,,,,,,,,,,,,,,,,,,
2007225,,,,,,,,,,,,,,,,,,
2007285,,,,,,,,,,,,,,,,,,
2007455,,,,,,,,,,,,,,,,,,
2007457,,,,,,,,,,,,,,,,,,
2007463,,,,,,,,,,,,,,,,,,
2007530,,,,,,,,,,,,,,,,,,
2007553,,,,,,,,,,,,,,,,,,
2007556,,,,,,,,,,,,,,,,,,
2007570,,,,,,,,,,,,,,,,,,
2007575,,,,,,,,,,,,,,,,,,
2007598,,,,,,,,,,,,,,,,,,
2007650,,,,,,,,,,,,,,,,,,
2007668,,,,,,,,,,,,,,,,,,
2007673,,,,,,,,,,,,,,,,,,
2007698,,,,,,,,,,,,,,,,,,
2007714,,,,,,,,,,,,,,,,,,
2007726,,,,,,,,,,,,,,,,,,
2007751,,,,,,,,,,,,,,,,,,
2007769,,,,,,,,,,,,,,,,,,
2007778,,,,,,,,,,,,,,,,,,
2007798,,,,,,,,,,,,,,,,,,
2007801,,,,,,,,,,,,,,,,,,
2007833,,,,,,,,,,,,,,,,,,
2007843,,,,,,,,,,,,,,,,,,
2007852,,,,,,,,,,,,,,,,,,
2007855,,,,,,,,,,,,,,,,,,
2007872,,,,,,,,,,,,,,,,,,
2007873,,,,,,,,,,,,,,,,,,
2007911,,,,,,,,,,,,,,,,,,
2007927,,,,,,,,,,,,,,,,,,
2008018,,,,,,,,,,,,,,,,,,
2008062,,,,,,,,,,,,,,,,,,
2008065,,,,,,,,,,,,,,,,,,
2008076,,,,,,,,,,,,,,,,,,
2008092,,,,,,,,,,,,,,,,,,
2008095,,,,,,,,,,,,,,,,,,
2008100,,,,,,,,,,,,,,,,,,
2008102,,,,,,,,,,,,,,,,,,
2008138,,,,,,,,,,,,,,,,,,
2008167,,,,,,,,,,,,,,,,,,
2008195,,,,,,,,,,,,,,,,,,
2008230,,,,,,,,,,,,,,,,,,
2008238,,,,,,,,,,,,,,,,,,
2008255,,,,,,,,,,,,,,,,,,
2008285,,,,,,,,,,,,,,,,,,
2008292,,,,,,,,,,,,,,,,,,
2008299,,,,,,,,,,,,,,,,,,
2008307,,,,,,,,,,,,,,,,,,
2008398,,,,,,,,,,,,,,,,,,
2008423,,,,,,,,,,,,,,,,,,
2008461,,,,,,,,,,,,,,,,,,
2008469,,,,,,,,,,,,,,,,,,
2008492,,,,,,,,,,,,,,,,,,
2008538,,,,,,,,,,,,,,,,,,
2008571,,,,,,,,,,,,,,,,,,
2008573,,,,,,,,,,,,,,,,,,
2008577,,,,,,,,,,,,,,,,,,
2008590,,,,,,,,,,,,,,,,,,
2008592,,,,,,,,,,,,,,,,,,
2008593,,,,,,,,,,,,,,,,,,
2008595,,,,,,,,,,,,,,,,,,
2008617,,,,,,,,,,,,,,,,,,
2008629,,,,,,,,,,,,,,,,,,
2008639,,,,,,,,,,,,,,,,,,
2008645,,,,,,,,,,,,,,,,,,
2008706,,,,,,,,,,,,,,,,,,
2008793,,,,,,,,,,,,,,,,,,
2008807,,,,,,,,,,,,,,,,,,
2008814,,,,,,,,,,,,,,,,,,
2008815,,,,,,,,,,,,,,,,,,
2008825,,,,,,,,,,,,,,,,,,
2008826,,,,,,,,,,,,,,,,,,
2008873,,,,,,,,,,,,,,,,,,
2008911,,,,,,,,,,,,,,,,,,
2008924,,,,,,,,,,,,,,,,,,
2009062,,,,,,,,,,,,,,,,,,
2009087,,,,,,,,,,,,,,,,,,
2009141,,,,,,,,,,,,,,,,,,
2009231,,,,,,,,,,,,,,,,,,
2009233,,,,,,,,,,,,,,,,,,
2009325,,,,,,,,,,,,,,,,,,
2009385,,,,,,,,,,,,,,,,,,
2009390,,,,,,,,,,,,,,,,,,
2009414,,,,,,,,,,,,,,,,,,
2009469,,,,,,,,,,,,,,,,,,
2009573,,,,,,,,,,,,,,,,,,
2009577,,,,,,,,,,,,,,,,,,
2009596,,,,,,,,,,,,,,,,,,
2009613,,,,,,,,,,,,,,,,,,
2009616,,,,,,,,,,,,,,,,,,
2009634,,,,,,,,,,,,,,,,,,
2009644,,,,,,,,,,,,,,,,,,
2009646,,,,,,,,,,,,,,,,,,
2009647,,,,,,,,,,,,,,,,,,
2009695,,,,,,,,,,,,,,,,,,
2009729,,,,,,,,,,,,,,,,,,
2009749,,,,,,,,,,,,,,,,,,
2009809,,,,,,,,,,,,,,,,,,
2009851,,,,,,,,,,,,,,,,,,
2009901,,,,,,,,,,,,,,,,,,
2009918,,,,,,,,,,,,,,,,,,
2009931,,,,,,,,,,,,,,,,,,
2009935,,,,,,,,,,,,,,,,,,
2009964,,,,,,,,,,,,,,,,,,
2009968,,,,,,,,,,,,,,,,,,
2009992,,,,,,,,,,,,,,,,,,
2010021,,,,,,,,,,,,,,,,,,
2010023,,,,,,,,,,,,,,,,,,
2010059,,,,,,,,,,,,,,,,,,
2010061,,,,,,,,,,,,,,,,,,
2010068,,,,,,,,,,,,,,,,,,
2010084,,,,,,,,,,,,,,,,,,
2010085,,,,,,,,,,,,,,,,,,
2010086,,,,,,,,,,,,,,,,,,
2010175,,,,,,,,,,,,,,,,,,
2010202,,,,,,,,,,,,,,,,,,
2010238,,,,,,,,,,,,,,,,,,
2010271,,,,,,,,,,,,,,,,,,
2010334,,,,,,,,,,,,,,,,,,
2010355,,,,,,,,,,,,,,,,,,
2010371,,,,,,,,,,,,,,,,,,
2010397,,,,,,,,,,,,,,,,,,
2010415,,,,,,,,,,,,,,,,,,
2010416,,,,,,,,,,,,,,,,,,
2010417,,,,,,,,,,,,,,,,,,
2010418,,,,,,,,,,,,,,,,,,
2010420,,,,,,,,,,,,,,,,,,
2010422,,,,,,,,,,,,,,,,,,
2010423,,,,,,,,,,,,,,,,,,
2010459,,,,,,,,,,,,,,,,,,
2010463,,,,,,,,,,,,,,,,,,
2010469,,,,,,,,,,,,,,,,,,
2010478,,,,,,,,,,,,,,,,,,
2010544,,,,,,,,,,,,,,,,,,
2010564,,,,,,,,,,,,,,,,,,
2010587,,,,,,,,,,,,,,,,,,
2010596,,,,,,,,,,,,,,,,,,
2010602,,,,,,,,,,,,,,,,,,
2010608,,,,,,,,,,,,,,,,,,
2010681,,,,,,,,,,,,,,,,,,
2010710,,,,,,,,,,,,,,,,,,
2010738,,,,,,,,,,,,,,,,,,
2010756,,,,,,,,,,,,,,,,,,
2010795,,,,,,,,,,,,,,,,,,
2010861,,,,,,,,,,,,,,,,,,
2010884,,,,,,,,,,,,,,,,,,
2010893,,,,,,,,,,,,,,,,,,
2010894,,,,,,,,,,,,,,,,,,
2010895,,,,,,,,,,,,,,,,,,
2010904,,,,,,,,,,,,,,,,,,
2010974,,,,,,,,,,,,,,,,,,
2010985,,,,,,,,,,,,,,,,,,
2011018,,,,,,,,,,,,,,,,,,
2011027,,,,,,,,,,,,,,,,,,
2011058,,,,,,,,,,,,,,,,,,
2011060,,,,,,,,,,,,,,,,,,
2011075,,,,,,,,,,,,,,,,,,
2011077,,,,,,,,,,,,,,,,,,
2011087,,,,,,,,,,,,,,,,,,
2011118,,,,,,,,,,,,,,,,,,
2011153,,,,,,,,,,,,,,,,,,
2011172,,,,,,,,,,,,,,,,,,
2011233,,,,,,,,,,,,,,,,,,
2011270,,,,,,,,,,,,,,,,,,
2011271,,,,,,,,,,,,,,,,,,
2011298,,,,,,,,,,,,,,,,,,
2011300,,,,,,,,,,,,,,,,,,
2011302,,,,,,,,,,,,,,,,,,
2011334,,,,,,,,,,,,,,,,,,
2011335,,,,,,,,,,,,,,,,,,
2011369,,,,,,,,,,,,,,,,,,
2011407,,,,,,,,,,,,,,,,,,
2011413,,,,,,,,,,,,,,,,,,
2011449,,,,,,,,,,,,,,,,,,
2011466,,,,,,,,,,,,,,,,,,
2011541,,,,,,,,,,,,,,,,,,
2011544,,,,,,,,,,,,,,,,,,
2011551,,,,,,,,,,,,,,,,,,
2011552,,,,,,,,,,,,,,,,,,
2011563,,,,,,,,,,,,,,,,,,
2011578,,,,,,,,,,,,,,,,,,
2011613,,,,,,,,,,,,,,,,,,
2011646,,,,,,,,,,,,,,,,,,
2011657,,,,,,,,,,,,,,,,,,
2011670,,,,,,,,,,,,,,,,,,
2011751,,,,,,,,,,,,,,,,,,
2011753,,,,,,,,,,,,,,,,,,
2011781,,,,,,,,,,,,,,,,,,
2011879,,,,,,,,,,,,,,,,,,
2011885,,,,,,,,,,,,,,,,,,
2011932,,,,,,,,,,,,,,,,,,
2011937,,,,,,,,,,,,,,,,,,
2011994,,,,,,,,,,,,,,,,,,
2012011,,,,,,,,,,,,,,,,,,
2012031,,,,,,,,,,,,,,,,,,
2012032,,,,,,,,,,,,,,,,,,
2012042,,,,,,,,,,,,,,,,,,
2012060,,,,,,,,,,,,,,,,,,
2012065,,,,,,,,,,,,,,,,,,
2012075,,,,,,,,,,,,,,,,,,
2012101,,,,,,,,,,,,,,,,,,
2012110,,,,,,,,,,,,,,,,,,
2012137,,,,,,,,,,,,,,,,,,
2012141,,,,,,,,,,,,,,,,,,
2012157,,,,,,,,,,,,,,,,,,
2012162,,,,,,,,,,,,,,,,,,
2012166,,,,,,,,,,,,,,,,,,
2012221,,,,,,,,,,,,,,,,,,
2012271,,,,,,,,,,,,,,,,,,
2012335,,,,,,,,,,,,,,,,,,
2012339,,,,,,,,,,,,,,,,,,
2012346,,,,,,,,,,,,,,,,,,
2012348,,,,,,,,,,,,,,,,,,
2012370,,,,,,,,,,,,,,,,,,
2012374,,,,,,,,,,,,,,,,,,
2012381,,,,,,,,,,,,,,,,,,
2012386,,,,,,,,,,,,,,,,,,
2012405,,,,,,,,,,,,,,,,,,
2012412,,,,,,,,,,,,,,,,,,
2012417,,,,,,,,,,,,,,,,,,
2012425,,,,,,,,,,,,,,,,,,
